ITHTS,HQTS(1),HQTS(2),HQTS(3),HQTS(4),HQTS(5),HQTS(6),HQTS(7),HQTS(8),HQTS(9),HQTS(10),HQTS(11),HQTS(12)
10/31/1973_24:00,429.82,217.53,130.04,9999.0,9999.0,9999.0,124.11678115799802,201.53846153846155,232.884074941452,9999,9999,9999
11/30/1973_24:00,436.08,209.75,130.04,9999.0,9999.0,9999.0,124.70559371933265,206.45000000000002,232.884074941452,9999,9999,9999
12/31/1973_24:00,449.15,211.76,130.04,9999.0,9999.0,9999.0,124.60745829244357,203.4193548387097,236.96666666666667,9999,9999,9999
01/31/1974_24:00,451.1,209.61,130.04,9999.0,9999.0,9999.0,124.60745829244357,202.58064516129033,235.17181467181467,9999,9999,9999
02/28/1974_24:00,444.79,214.58,130.04,9999.0,9999.0,9999.0,123.6457311089303,206.90000000000003,235.97876447876448,9999,9999,9999
03/31/1974_24:00,455.7,219.98,130.04,9999.0,9999.0,9999.0,123.92051030421982,203.87096774193546,231.76068965517243,9999,9999,9999
04/30/1974_24:00,465.95,222.29,130.04,9999.0,9999.0,9999.0,124.31305201177625,205.02857142857144,233.07611241217796,9999,9999,9999
05/31/1974_24:00,462.87,227.7,130.04,9999.0,9999.0,9999.0,122.9977011494253,206.25,234.8822393822394,9999,9999,9999
06/30/1974_24:00,456.95,231.84,130.04,9999.0,9999.0,9999.0,124.80372914622177,205.97714285714287,233.77400468384076,9999,9999,9999
07/31/1974_24:00,447.14,229.25,130.04,9999.0,9999.0,9999.0,124.11678115799802,204.11428571428573,235.26447876447878,9999,9999,9999
08/31/1974_24:00,438.81,226.51,130.04,9999.0,9999.0,9999.0,124.31305201177625,201.76923076923075,231.5510344827586,9999,9999,9999
09/30/1974_24:00,435.59,222.27,130.04,9999.0,9999.0,9999.0,123.93032384690872,202.06451612903228,231.9703448275862,9999,9999,9999
10/31/1974_24:00,429.27,217.43,130.04,9999.0,9999.0,9999.0,123.54759568204122,201.46153846153845,225.1727272727273,9999,9999,9999
11/30/1974_24:00,427.17,215.34,130.04,9999.0,9999.0,9999.0,124.11678115799802,204.11428571428573,228.5,9999,9999,9999
12/31/1974_24:00,429.42,214.69,130.04,9999.0,9999.0,9999.0,124.21491658488713,205.7714285714286,237.73333333333335,9999,9999,9999
01/31/1975_24:00,433.81,215.88,130.04,9999.0,9999.0,9999.0,123.92051030421982,204.73142857142858,237.34000000000003,9999,9999,9999
02/28/1975_24:00,445.49,220.23,130.04,9999.0,9999.0,9999.0,123.54759568204122,205.75428571428574,237.43333333333334,9999,9999,9999
03/31/1975_24:00,451.6,222.18,130.04,9999.0,9999.0,9999.0,124.31305201177625,206.15,235.66602316602314,9999,9999,9999
04/30/1975_24:00,460.57,222.1,130.04,9999.0,9999.0,9999.0,124.50932286555445,202.09032258064516,233.980093676815,9999,9999,9999
05/31/1975_24:00,462.87,225.05,130.04,9999.0,9999.0,9999.0,123.37095191364082,205.11428571428573,232.79039812646369,9999,9999,9999
06/30/1975_24:00,459.73,231.27,130.04,9999.0,9999.0,9999.0,124.70559371933265,205.07428571428574,236.0830115830116,9999,9999,9999
07/31/1975_24:00,450.23,229.71,130.04,9999.0,9999.0,9999.0,124.65652600588811,205.11428571428573,237.73333333333335,9999,9999,9999
08/31/1975_24:00,440.74,225.82,130.04,9999.0,9999.0,9999.0,124.60745829244357,206.25,232.692037470726,9999,9999,9999
09/30/1975_24:00,437.88,222.46,130.04,9999.0,9999.0,9999.0,124.31305201177625,206.65000000000003,228.96896551724137,9999,9999,9999
10/31/1975_24:00,433.09,217.91,131.52,9999.0,9999.0,9999.0,124.70559371933265,205.02857142857144,224.03816046966733,9999,9999,9999
11/30/1975_24:00,432.31,215.06,131.52,9999.0,9999.0,9999.0,124.11678115799802,202.1290322580645,231.76068965517243,9999,9999,9999
12/31/1975_24:00,431.78,216.35,131.52,9999.0,9999.0,9999.0,123.46908734052992,206.90000000000003,229.25034482758622,9999,9999,9999
01/31/1976_24:00,431.07,216.93,131.52,9999.0,9999.0,9999.0,123.46908734052992,206.10000000000002,229.15655172413796,9999,9999,9999
02/29/1976_24:00,429.17,216.44,131.52,9999.0,9999.0,9999.0,124.50932286555445,206.04999999999998,234.97876447876448,9999,9999,9999
03/31/1976_24:00,435.46,214.75,131.52,9999.0,9999.0,9999.0,124.80372914622177,204.04000000000002,223.34148727984345,9999,9999,9999
04/30/1976_24:00,441.3,212.82,131.52,9999.0,9999.0,9999.0,125.00000000000001,207.7,233.6662763466042,9999,9999,9999
05/31/1976_24:00,449.44,209.63,131.52,9999.0,9999.0,9999.0,123.92051030421982,203.3483870967742,228.5937931034483,9999,9999,9999
06/30/1976_24:00,447.96,205.92,131.52,9999.0,9999.0,9999.0,124.3621197252208,204.09714285714287,234.59652509652508,9999,9999,9999
07/31/1976_24:00,443.08,202.09,131.52,9999.0,9999.0,9999.0,124.80372914622177,204.91428571428574,229.34413793103448,9999,9999,9999
08/31/1976_24:00,438.01,198.83,131.52,9999.0,9999.0,9999.0,124.60745829244357,202.0967741935484,234.0831381733021,9999,9999,9999
09/30/1976_24:00,431.88,196.48,131.52,9999.0,9999.0,9999.0,124.41118743866535,201.60256410256412,225.36060606060605,9999,9999,9999
10/31/1976_24:00,424.64,194.74,131.52,9999.0,9999.0,9999.0,124.46025515210991,201.0897435897436,229.25034482758622,9999,9999,9999
11/30/1976_24:00,420.23,193.97,131.52,9999.0,9999.0,9999.0,124.50932286555445,200.5769230769231,233.46018735362998,9999,9999,9999
12/31/1976_24:00,419.8,193.16,131.52,9999.0,9999.0,9999.0,124.41118743866535,207.79,232.5,9999,9999,9999
01/31/1977_24:00,420.17,192.65,131.52,9999.0,9999.0,9999.0,124.70559371933265,208.4739130434783,235.97876447876448,9999,9999,9999
02/28/1977_24:00,420.48,190.93,131.52,9999.0,9999.0,9999.0,124.70559371933265,207.39,235.26447876447878,9999,9999,9999
03/31/1977_24:00,421.35,187.73,131.52,9999.0,9999.0,9999.0,122.90574712643678,203.63870967741934,230.83379310344827,9999,9999,9999
04/30/1977_24:00,424.43,184.1,131.52,9999.0,9999.0,9999.0,123.27281648675171,208.42608695652171,231.65586206896552,9999,9999,9999
05/31/1977_24:00,427.77,180.98,131.52,9999.0,9999.0,9999.0,123.27281648675171,203.48387096774192,226.04545454545453,9999,9999,9999
06/30/1977_24:00,424.41,176.22,131.52,9999.0,9999.0,9999.0,123.6457311089303,204.8914285714286,226.54242424242423,9999,9999,9999
07/31/1977_24:00,417.5,170.09,131.52,9999.0,9999.0,9999.0,124.01864573110893,201.76923076923075,224.15557729941293,9999,9999,9999
08/31/1977_24:00,410.02,163.88,131.52,9999.0,9999.0,9999.0,124.60745829244357,194.96666666666667,223.34148727984345,9999,9999,9999
09/30/1977_24:00,402.81,158.92,131.52,9999.0,9999.0,9999.0,124.90186457311088,196.80555555555554,221.22798434442274,9999,9999,9999
10/31/1977_24:00,398.31,157.8,130.59,9999.0,9999.0,9999.0,124.70559371933265,198.5272727272727,225.36363636363637,9999,9999,9999
11/30/1977_24:00,398.56,155.23,130.59,9999.0,9999.0,9999.0,124.60745829244357,198.5727272727273,228.73724137931038,9999,9999,9999
12/31/1977_24:00,413.0,152.59,130.59,9999.0,9999.0,9999.0,124.80372914622177,203.6258064516129,231.8296551724138,9999,9999,9999
01/31/1978_24:00,443.06,165.95,130.59,9999.0,9999.0,9999.0,124.11678115799802,204.68,234.54633204633205,9999,9999,9999
02/28/1978_24:00,447.89,180.06,130.59,9999.0,9999.0,9999.0,123.09617271835131,207.2,231.03793103448277,9999,9999,9999
03/31/1978_24:00,454.67,192.58,130.59,9999.0,9999.0,9999.0,124.70559371933265,207.0,235.77027027027026,9999,9999,9999
04/30/1978_24:00,466.88,202.98,130.59,9999.0,9999.0,9999.0,124.90186457311088,208.09130434782608,237.16666666666669,9999,9999,9999
05/31/1978_24:00,469.68,212.71,130.59,9999.0,9999.0,9999.0,124.11678115799802,207.76500000000001,240.27151335311572,9999,9999,9999
06/30/1978_24:00,464.14,229.23,130.59,9999.0,9999.0,9999.0,123.92051030421982,204.8857142857143,231.5510344827586,9999,9999,9999
07/31/1978_24:00,454.4,229.75,130.59,9999.0,9999.0,9999.0,124.70559371933265,204.38857142857148,230.53034482758622,9999,9999,9999
08/31/1978_24:00,443.77,226.67,130.59,9999.0,9999.0,9999.0,124.41118743866535,205.05142857142857,236.95666666666668,9999,9999,9999
09/30/1978_24:00,441.4,222.74,130.59,9999.0,9999.0,9999.0,124.11678115799802,200.52307692307693,229.9344827586207,9999,9999,9999
10/31/1978_24:00,434.13,217.88,131.94,9999.0,9999.0,9999.0,124.90186457311088,205.22857142857143,220.9853228962818,9999,9999,9999
11/30/1978_24:00,430.15,215.95,131.94,9999.0,9999.0,9999.0,124.41118743866535,205.9714285714286,227.45757575757574,9999,9999,9999
12/31/1978_24:00,428.82,215.73,131.94,9999.0,9999.0,9999.0,124.01864573110893,207.2,233.56323185011712,9999,9999,9999
01/31/1979_24:00,431.12,218.35,131.94,9999.0,9999.0,9999.0,123.92051030421982,205.94285714285715,234.18618266978925,9999,9999,9999
02/28/1979_24:00,437.66,220.28,131.94,9999.0,9999.0,9999.0,124.01864573110893,205.58857142857144,234.78571428571428,9999,9999,9999
03/31/1979_24:00,452.51,222.24,131.94,9999.0,9999.0,9999.0,124.01864573110893,206.75,232.07517241379313,9999,9999,9999
04/30/1979_24:00,463.08,227.9,131.94,9999.0,9999.0,9999.0,123.74386653581942,206.88,232.39517241379312,9999,9999,9999
05/31/1979_24:00,463.05,234.43,131.94,9999.0,9999.0,9999.0,124.11678115799802,204.68,231.9703448275862,9999,9999,9999
06/30/1979_24:00,455.36,233.97,131.94,9999.0,9999.0,9999.0,125.00000000000001,205.26857142857145,232.78571428571428,9999,9999,9999
07/31/1979_24:00,445.7,231.06,131.94,9999.0,9999.0,9999.0,124.60745829244357,208.5695652173913,232.884074941452,9999,9999,9999
08/31/1979_24:00,438.38,226.63,131.94,9999.0,9999.0,9999.0,123.54759568204122,206.51999999999998,231.65586206896552,9999,9999,9999
09/30/1979_24:00,434.23,223.39,131.94,9999.0,9999.0,9999.0,124.41118743866535,204.09714285714287,224.59696969696967,9999,9999,9999
10/31/1979_24:00,425.79,219.57,130.59,9999.0,9999.0,9999.0,124.90186457311088,204.68,219.897049390635,9999,9999,9999
11/30/1979_24:00,426.79,216.18,130.59,9999.0,9999.0,9999.0,123.54759568204122,207.8,220.88356164383563,9999,9999,9999
12/31/1979_24:00,432.27,216.29,130.59,9999.0,9999.0,9999.0,125.00000000000001,207.77500000000003,221.63502935420743,9999,9999,9999
01/31/1980_24:00,449.75,215.4,130.59,9999.0,9999.0,9999.0,124.50932286555445,208.04347826086956,222.38649706457926,9999,9999,9999
02/29/1980_24:00,454.2,215.63,130.59,9999.0,9999.0,9999.0,124.11678115799802,207.40000000000003,221.6976516634051,9999,9999,9999
03/31/1980_24:00,452.47,212.19,130.59,9999.0,9999.0,9999.0,124.60745829244357,206.13000000000002,229.9344827586207,9999,9999,9999
04/30/1980_24:00,459.36,215.15,130.59,9999.0,9999.0,9999.0,125.00000000000001,205.4057142857143,233.87704918032787,9999,9999,9999
05/31/1980_24:00,458.9,217.82,130.59,9999.0,9999.0,9999.0,124.21491658488713,205.51428571428573,234.39695550351288,9999,9999,9999
06/30/1980_24:00,455.1,222.71,130.59,9999.0,9999.0,9999.0,124.80372914622177,205.64000000000001,234.18618266978925,9999,9999,9999
07/31/1980_24:00,446.82,224.51,130.59,9999.0,9999.0,9999.0,124.70559371933265,203.19354838709677,238.43333333333334,9999,9999,9999
08/31/1980_24:00,438.44,222.72,130.59,9999.0,9999.0,9999.0,125.00000000000001,203.93548387096774,239.18,9999,9999,9999
09/30/1980_24:00,432.34,220.46,130.59,9999.0,9999.0,9999.0,124.11678115799802,207.10500000000002,238.86,9999,9999,9999
10/31/1980_24:00,421.77,216.51,130.12,9999.0,9999.0,9999.0,124.60745829244357,203.09677419354836,223.69373776908026,9999,9999,9999
11/30/1980_24:00,422.4,214.37,130.12,9999.0,9999.0,9999.0,124.31305201177625,201.6923076923077,227.66363636363636,9999,9999,9999
12/31/1980_24:00,425.87,213.08,130.12,9999.0,9999.0,9999.0,124.41118743866535,207.65000000000003,233.26814988290397,9999,9999,9999
01/31/1981_24:00,431.47,215.59,125.36,9999.0,9999.0,9999.0,123.27281648675171,208.1782608695652,230.93862068965518,9999,9999,9999
02/28/1981_24:00,452.38,216.95,124.73,9999.0,9999.0,9999.0,124.70559371933265,206.95000000000002,230.7344827586207,9999,9999,9999
03/31/1981_24:00,456.78,220.43,124.79,9999.0,9999.0,9999.0,124.21491658488713,207.84,238.03333333333336,9999,9999,9999
04/30/1981_24:00,462.88,220.82,125.33,9999.0,9999.0,9999.0,123.6457311089303,208.9217391304348,237.43333333333334,9999,9999,9999
05/31/1981_24:00,460.18,219.03,126.66,9999.0,9999.0,9999.0,122.79080459770114,203.9483870967742,238.13333333333333,9999,9999,9999
06/30/1981_24:00,455.62,216.15,126.46,9999.0,9999.0,9999.0,123.27281648675171,204.76,239.59495548961422,9999,9999,9999
07/31/1981_24:00,451.15,214.99,127.04,9999.0,9999.0,9999.0,124.11678115799802,205.38285714285715,238.33333333333334,9999,9999,9999
08/31/1981_24:00,450.2,213.17,126.42,9999.0,9999.0,9999.0,124.11678115799802,203.6709677419355,237.63333333333335,9999,9999,9999
09/30/1981_24:00,447.95,209.58,125.29,9999.0,9999.0,9999.0,124.21491658488713,200.6153846153846,236.1872586872587,9999,9999,9999
10/31/1981_24:00,445.23,210.43,125.27,9999.0,9999.0,9999.0,124.01864573110893,199.3,231.03793103448277,9999,9999,9999
11/30/1981_24:00,447.31,212.81,125.57,9999.0,9999.0,9999.0,123.46908734052992,203.5032258064516,233.17447306791567,9999,9999,9999
12/31/1981_24:00,452.33,212.57,127.65,9999.0,9999.0,9999.0,123.19430814524043,206.90000000000003,235.26447876447878,9999,9999,9999
01/31/1982_24:00,445.65,209.03,126.83,9999.0,9999.0,9999.0,123.6457311089303,205.8457142857143,235.17181467181467,9999,9999,9999
02/28/1982_24:00,449.4,216.21,126.81,9999.0,9999.0,9999.0,124.01864573110893,205.16571428571427,235.45752895752895,9999,9999,9999
03/31/1982_24:00,456.83,219.39,126.96,9999.0,9999.0,9999.0,124.11678115799802,208.04347826086956,233.56323185011712,9999,9999,9999
04/30/1982_24:00,467.05,224.07,127.42,9999.0,9999.0,9999.0,124.80372914622177,207.59000000000003,237.83333333333334,9999,9999,9999
05/31/1982_24:00,463.45,228.74,126.5,9999.0,9999.0,9999.0,124.80372914622177,208.37826086956522,237.73333333333335,9999,9999,9999
06/30/1982_24:00,452.06,234.1,126.62,9999.0,9999.0,9999.0,123.54759568204122,209.16956521739132,237.24666666666667,9999,9999,9999
07/31/1982_24:00,448.34,230.42,126.82,9999.0,9999.0,9999.0,123.80274779195288,208.67826086956524,238.23333333333335,9999,9999,9999
08/31/1982_24:00,444.1,227.86,127.2,9999.0,9999.0,9999.0,122.58390804597701,208.18695652173912,237.53333333333333,9999,9999,9999
09/30/1982_24:00,440.28,224.4,126.97,9999.0,9999.0,9999.0,123.6457311089303,206.54,234.18618266978925,9999,9999,9999
10/31/1982_24:00,433.02,218.85,126.11,9999.0,9999.0,9999.0,124.01864573110893,200.6153846153846,225.75454545454545,9999,9999,9999
11/30/1982_24:00,431.89,211.2,126.27,9999.0,9999.0,9999.0,123.6457311089303,204.83428571428573,231.03793103448277,9999,9999,9999
12/31/1982_24:00,432.57,210.99,126.66,9999.0,9999.0,9999.0,123.27281648675171,207.61,230.13310344827588,9999,9999,9999
01/31/1983_24:00,438.71,214.79,126.98,9999.0,9999.0,9999.0,123.37095191364082,207.55,231.34137931034485,9999,9999,9999
02/28/1983_24:00,444.95,216.13,127.76,9999.0,9999.0,9999.0,123.74386653581942,207.29500000000002,232.78571428571428,9999,9999,9999
03/31/1983_24:00,453.22,217.64,127.95,9999.0,9999.0,9999.0,123.6457311089303,206.92000000000002,234.78571428571428,9999,9999,9999
04/30/1983_24:00,462.47,209.78,127.35,9999.0,9999.0,9999.0,122.58390804597701,206.51999999999998,233.46018735362998,9999,9999,9999
05/31/1983_24:00,468.49,211.15,127.89,9999.0,9999.0,9999.0,123.09617271835131,206.0,236.6866666666667,9999,9999,9999
06/30/1983_24:00,463.7,231.66,128.6,9999.0,9999.0,9999.0,123.19430814524043,207.28499999999997,234.8822393822394,9999,9999,9999
07/31/1983_24:00,459.45,233.24,129.18,9999.0,9999.0,9999.0,124.60745829244357,205.89714285714285,235.66602316602314,9999,9999,9999
08/31/1983_24:00,454.89,230.94,130.99,9999.0,9999.0,9999.0,124.41118743866535,207.03,238.75333333333333,9999,9999,9999
09/30/1983_24:00,445.25,224.8,130.49,9999.0,9999.0,9999.0,124.11678115799802,208.87391304347827,238.54000000000002,9999,9999,9999
10/31/1983_24:00,435.76,217.44,130.02,9999.0,9999.0,9999.0,124.11678115799802,207.0525,222.8091976516634,9999,9999,9999
11/30/1983_24:00,437.7,212.77,131.02,9999.0,9999.0,9999.0,123.19430814524043,204.9714285714286,230.54137931034484,9999,9999,9999
12/31/1983_24:00,438.39,210.59,130.37,9999.0,9999.0,9999.0,123.92051030421982,206.61,236.29150579150578,9999,9999,9999
01/31/1984_24:00,441.6,206.16,130.08,9999.0,9999.0,9999.0,124.70559371933265,205.62857142857143,234.59652509652508,9999,9999,9999
02/29/1984_24:00,450.12,208.37,129.2,9999.0,9999.0,9999.0,123.92051030421982,204.76,237.09333333333333,9999,9999,9999
03/31/1984_24:00,462.19,211.32,127.47,9999.0,9999.0,9999.0,124.60745829244357,206.94,233.980093676815,9999,9999,9999
04/30/1984_24:00,465.53,214.55,127.38,9999.0,9999.0,9999.0,124.21491658488713,205.93714285714285,235.87451737451735,9999,9999,9999
05/31/1984_24:00,461.68,226.24,128.14,9999.0,9999.0,9999.0,123.82237487733072,204.40571428571428,237.63333333333335,9999,9999,9999
06/30/1984_24:00,456.9,232.42,127.52,9999.0,9999.0,9999.0,124.21491658488713,205.07428571428574,238.64666666666668,9999,9999,9999
07/31/1984_24:00,454.37,232.08,127.83,9999.0,9999.0,9999.0,123.82237487733072,205.24,236.78,9999,9999,9999
08/31/1984_24:00,447.84,229.83,128.07,9999.0,9999.0,9999.0,124.31305201177625,207.085,239.69287833827892,9999,9999,9999
09/30/1984_24:00,440.21,224.58,126.9,9999.0,9999.0,9999.0,123.92051030421982,206.36,236.5,9999,9999,9999
10/31/1984_24:00,434.46,220.17,126.63,9999.0,9999.0,9999.0,123.37095191364082,205.56,226.14242424242423,9999,9999,9999
11/30/1984_24:00,437.19,218.23,127.67,9999.0,9999.0,9999.0,123.27281648675171,204.81714285714287,234.59652509652508,9999,9999,9999
12/31/1984_24:00,443.69,216.51,127.47,9999.0,9999.0,9999.0,123.46908734052992,206.41000000000003,235.07528957528956,9999,9999,9999
01/31/1985_24:00,444.21,216.18,125.83,9999.0,9999.0,9999.0,123.82237487733072,205.28000000000003,234.29391100702577,9999,9999,9999
02/28/1985_24:00,447.46,215.35,126.55,9999.0,9999.0,9999.0,123.19430814524043,204.49714285714288,232.884074941452,9999,9999,9999
03/31/1985_24:00,449.98,219.25,129.3,9999.0,9999.0,9999.0,123.54759568204122,206.45000000000002,236.29150579150578,9999,9999,9999
04/30/1985_24:00,454.95,223.69,129.82,9999.0,9999.0,9999.0,123.74386653581942,203.5032258064516,239.88575667655786,9999,9999,9999
05/31/1985_24:00,454.05,219.86,127.45,9999.0,9999.0,9999.0,123.74386653581942,204.40000000000003,239.39333333333335,9999,9999,9999
06/30/1985_24:00,453.37,216.6,127.67,9999.0,9999.0,9999.0,124.21491658488713,204.9714285714286,236.5,9999,9999,9999
07/31/1985_24:00,448.66,212.4,130.33,9999.0,9999.0,9999.0,124.60745829244357,203.79354838709676,236.5,9999,9999,9999
08/31/1985_24:00,444.55,209.1,131.92,9999.0,9999.0,9999.0,124.41118743866535,203.8258064516129,235.26447876447878,9999,9999,9999
09/30/1985_24:00,445.31,207.81,129.16,9999.0,9999.0,9999.0,124.31305201177625,206.34000000000003,231.13724137931035,9999,9999,9999
10/31/1985_24:00,441.24,209.68,129.92,9999.0,9999.0,9999.0,122.67586206896551,206.28,221.88551859099806,9999,9999,9999
11/30/1985_24:00,438.47,211.5,135.1,9999.0,9999.0,9999.0,124.31305201177625,205.66057142857144,228.8751724137931,9999,9999,9999
12/31/1985_24:00,439.64,214.44,133.6,9999.0,9999.0,9999.0,124.66633954857704,208.01608695652175,236.6866666666667,9999,9999,9999
01/31/1986_24:00,443.66,217.36,128.32,9999.0,9999.0,9999.0,125.00000000000001,206.78,236.0830115830116,9999,9999,9999
02/28/1986_24:00,453.27,232.83,130.89,9999.0,9999.0,9999.0,123.82237487733072,206.23000000000002,236.29150579150578,9999,9999,9999
03/31/1986_24:00,442.52,222.19,130.73,9999.0,9999.0,9999.0,124.21491658488713,204.52457142857145,235.87451737451735,9999,9999,9999
04/30/1986_24:00,455.46,216.62,128.43,9999.0,9999.0,9999.0,124.90186457311088,207.3675,238.43333333333334,9999,9999,9999
05/31/1986_24:00,457.9,225.99,129.7,9999.0,9999.0,9999.0,124.90186457311088,205.64000000000001,239.2866666666667,9999,9999,9999
06/30/1986_24:00,456.14,232.96,128.67,9999.0,9999.0,9999.0,123.4612365063788,207.86100000000002,239.69287833827892,9999,9999,9999
07/31/1986_24:00,454.85,230.0,130.5,9999.0,9999.0,9999.0,125.00000000000001,209.08,236.39575289575288,9999,9999,9999
08/31/1986_24:00,447.89,225.62,129.7,9999.0,9999.0,9999.0,123.60843964671245,206.69,236.29150579150578,9999,9999,9999
09/30/1986_24:00,437.33,222.33,127.34,9999.0,9999.0,9999.0,124.31305201177625,201.98,229.15655172413796,9999,9999,9999
10/31/1986_24:00,429.69,219.41,127.63,9999.0,9999.0,9999.0,123.6064769381747,199.68545454545458,229.83517241379315,9999,9999,9999
11/30/1986_24:00,426.78,216.33,131.81,9999.0,9999.0,9999.0,124.07752698724238,207.2835,225.85151515151517,9999,9999,9999
12/31/1986_24:00,425.83,212.84,133.4,9999.0,9999.0,9999.0,124.48969578017663,207.0745,229.9344827586207,9999,9999,9999
01/31/1987_24:00,428.95,209.6,131.78,9999.0,9999.0,9999.0,124.21491658488713,197.30222222222224,225.55454545454546,9999,9999,9999
02/28/1987_24:00,434.74,208.69,129.54,9999.0,9999.0,9999.0,124.27379784102061,201.60000000000002,234.18618266978925,9999,9999,9999
03/31/1987_24:00,445.55,207.64,129.58,9999.0,9999.0,9999.0,123.41413150147201,207.6615,238.64666666666668,9999,9999,9999
04/30/1987_24:00,452.11,204.92,128.42,9999.0,9999.0,9999.0,123.78312070657506,204.0777142857143,235.36100386100384,9999,9999,9999
05/31/1987_24:00,452.23,200.88,129.9,9999.0,9999.0,9999.0,123.91265947006869,203.6490322580645,234.5,9999,9999,9999
06/30/1987_24:00,451.51,196.08,129.85,9999.0,9999.0,9999.0,124.39156035328753,202.7,238.03333333333336,9999,9999,9999
07/31/1987_24:00,450.26,190.7,130.27,9999.0,9999.0,9999.0,124.45240431795878,198.42454545454547,235.26602316602316,9999,9999,9999
08/31/1987_24:00,446.98,185.2,131.37,9999.0,9999.0,9999.0,123.55348380765454,201.28,237.95999999999998,9999,9999,9999
09/30/1987_24:00,439.91,180.55,132.05,9999.0,9999.0,9999.0,124.78410206084396,199.1509090909091,235.66602316602314,9999,9999,9999
10/31/1987_24:00,433.9,178.12,133.92,9999.0,9999.0,9999.0,123.48871442590774,205.58857142857144,225.07454545454544,9999,9999,9999
11/30/1987_24:00,431.88,176.73,132.22,9999.0,9999.0,9999.0,123.84789008832188,206.43,234.97876447876448,9999,9999,9999
12/31/1987_24:00,439.58,175.33,131.1,9999.0,9999.0,9999.0,123.88518155053973,207.12600000000003,234.78725868725869,9999,9999,9999
01/31/1988_24:00,439.98,177.96,130.24,9999.0,9999.0,9999.0,123.32188420019625,206.18,233.87611241217797,9999,9999,9999
02/29/1988_24:00,444.85,178.5,130.34,9999.0,9999.0,9999.0,124.33464180569185,203.2877419354839,232.78805620608898,9999,9999,9999
03/31/1988_24:00,448.61,175.32,130.22,9999.0,9999.0,9999.0,123.45142296368988,206.17000000000002,232.884074941452,9999,9999,9999
04/30/1988_24:00,446.85,171.9,130.9,9999.0,9999.0,9999.0,123.6457311089303,206.85000000000002,237.83333333333334,9999,9999,9999
05/31/1988_24:00,448.2,167.81,129.75,9999.0,9999.0,9999.0,123.88518155053973,202.88064516129032,234.292037470726,9999,9999,9999
06/30/1988_24:00,447.69,160.42,129.8,9999.0,9999.0,9999.0,124.03827281648675,200.6246153846154,232.28868965517242,9999,9999,9999
07/31/1988_24:00,445.71,149.16,131.07,9999.0,9999.0,9999.0,123.6457311089303,200.59615384615384,235.87451737451735,9999,9999,9999
08/31/1988_24:00,444.31,138.16,130.94,9999.0,9999.0,9999.0,123.21982335623159,200.5676923076923,229.0627586206897,9999,9999,9999
09/30/1988_24:00,441.4,125.73,131.39,9999.0,9999.0,9999.0,123.70461236506378,199.32545454545453,223.69138943248532,9999,9999,9999
10/31/1988_24:00,435.37,126.12,130.28,9999.0,9999.0,9999.0,124.39352306182533,200.44230769230768,222.5567514677104,9999,9999,9999
11/30/1988_24:00,433.74,125.99,130.39,9999.0,9999.0,9999.0,123.56133464180567,200.25230769230768,221.42211350293542,9999,9999,9999
12/31/1988_24:00,437.09,125.75,129.89,9999.0,9999.0,9999.0,123.09224730127575,201.07,221.22876712328767,9999,9999,9999
01/31/1989_24:00,439.42,125.55,131.51,9999.0,9999.0,9999.0,123.32188420019625,200.1730769230769,220.74266144814092,9999,9999,9999
02/28/1989_24:00,442.93,125.26,131.66,9999.0,9999.0,9999.0,123.70068694798823,199.2927272727273,220.13822963438102,9999,9999,9999
03/31/1989_24:00,453.69,138.43,130.4,9999.0,9999.0,9999.0,123.19430814524043,203.97935483870967,227.770303030303,9999,9999,9999
04/30/1989_24:00,466.81,169.37,132.38,9999.0,9999.0,9999.0,124.62708537782139,204.5537142857143,232.59601873536297,9999,9999,9999
05/31/1989_24:00,465.81,184.77,130.07,9999.0,9999.0,9999.0,123.52796859666338,200.66307692307691,230.83600000000004,9999,9999,9999
06/30/1989_24:00,463.26,191.3,129.45,9999.0,9999.0,9999.0,123.15505397448477,200.8653846153846,232.07517241379313,9999,9999,9999
07/31/1989_24:00,459.23,188.21,130.75,9999.0,9999.0,9999.0,124.648675171737,204.31085714285717,233.46018735362998,9999,9999,9999
08/31/1989_24:00,453.21,187.58,130.31,9999.0,9999.0,9999.0,123.39057899901863,206.17000000000002,232.5,9999,9999,9999
09/30/1989_24:00,446.61,186.88,131.85,9999.0,9999.0,9999.0,123.78312070657506,204.68,231.4434482758621,9999,9999,9999
10/31/1989_24:00,440.8,188.9,127.08,9999.0,9999.0,9999.0,123.38665358194307,200.51923076923077,227.87454545454545,9999,9999,9999
11/30/1989_24:00,437.06,190.94,126.73,9999.0,9999.0,9999.0,123.23356231599607,201.03,228.96896551724137,9999,9999,9999
12/31/1989_24:00,435.96,194.09,130.77,9999.0,9999.0,9999.0,123.10991167811578,204.67028571428574,230.53199999999998,9999,9999,9999
01/31/1990_24:00,438.29,197.24,131.04,9999.0,9999.0,9999.0,123.03532875368008,204.60228571428576,231.76013793103448,9999,9999,9999
02/28/1990_24:00,441.31,196.61,131.24,9999.0,9999.0,9999.0,123.2394504416094,205.34171428571432,232.78805620608898,9999,9999,9999
03/31/1990_24:00,444.68,199.33,129.91,9999.0,9999.0,9999.0,123.1844946025515,201.2,231.5488275862069,9999,9999,9999
04/30/1990_24:00,445.69,197.28,128.75,9999.0,9999.0,9999.0,123.84789008832188,200.74,232.28868965517242,9999,9999,9999
05/31/1990_24:00,445.8,196.69,130.12,9999.0,9999.0,9999.0,123.42983316977428,202.15483870967742,233.36416861826694,9999,9999,9999
06/30/1990_24:00,447.31,196.38,130.76,9999.0,9999.0,9999.0,123.88518155053973,203.3083870967742,229.9344827586207,9999,9999,9999
07/31/1990_24:00,445.42,194.99,130.39,9999.0,9999.0,9999.0,123.95976447497546,203.61806451612904,230.7344827586207,9999,9999,9999
08/31/1990_24:00,443.65,193.67,129.2,9999.0,9999.0,9999.0,123.49656526005887,201.82,231.76013793103448,9999,9999,9999
09/30/1990_24:00,437.92,193.69,131.61,9999.0,9999.0,9999.0,123.38665358194307,199.94727272727272,219.535279025016,9999,9999,9999
10/31/1990_24:00,430.33,193.09,131.05,9999.0,9999.0,9999.0,122.97931034482758,198.82454545454544,220.58062622309197,9999,9999,9999
11/30/1990_24:00,429.58,190.07,131.16,9999.0,9999.0,9999.0,122.90574712643678,197.64000000000001,220.58062622309197,9999,9999,9999
12/31/1990_24:00,429.37,188.56,127.26,9999.0,9999.0,9999.0,123.2296368989205,201.28,224.38414872798435,9999,9999,9999
01/31/1991_24:00,429.13,187.18,131.44,9999.0,9999.0,9999.0,122.69885057471264,200.91384615384618,227.770303030303,9999,9999,9999
02/28/1991_24:00,429.47,186.09,130.55,9999.0,9999.0,9999.0,123.56133464180567,201.17,229.25034482758622,9999,9999,9999
03/31/1991_24:00,439.68,186.12,132.14,9999.0,9999.0,9999.0,121.4344827586207,202.7741935483871,231.4434482758621,9999,9999,9999
04/30/1991_24:00,455.28,183.85,130.56,9999.0,9999.0,9999.0,122.60689655172413,203.0916129032258,229.43793103448277,9999,9999,9999
05/31/1991_24:00,458.9,179.88,128.63,9999.0,9999.0,9999.0,123.26692836113837,201.7,233.07611241217796,9999,9999,9999
06/30/1991_24:00,458.45,180.09,129.13,9999.0,9999.0,9999.0,123.37684003925416,201.87,234.084074941452,9999,9999,9999
07/31/1991_24:00,457.06,179.56,130.4,9999.0,9999.0,9999.0,123.5809617271835,203.76258064516128,233.07611241217796,9999,9999,9999
08/31/1991_24:00,452.5,179.08,132.25,9999.0,9999.0,9999.0,123.10009813542688,202.65806451612903,234.35011709601875,9999,9999,9999
09/30/1991_24:00,445.39,179.41,132.66,9999.0,9999.0,9999.0,123.396467124632,203.4735483870968,225.3618181818182,9999,9999,9999
10/31/1991_24:00,438.13,181.4,130.1,9999.0,9999.0,9999.0,123.27674190382727,199.48909090909092,222.26908023483367,9999,9999,9999
11/30/1991_24:00,435.02,177.56,130.24,9999.0,9999.0,9999.0,123.07262021589794,198.36363636363637,223.13013698630135,9999,9999,9999
12/31/1991_24:00,435.23,180.81,130.96,9999.0,9999.0,9999.0,123.06280667320902,198.12454545454548,225.07454545454544,9999,9999,9999
01/31/1992_24:00,437.26,180.03,132.25,9999.0,9999.0,9999.0,123.11972522080471,200.1153846153846,227.3557575757576,9999,9999,9999
02/29/1992_24:00,446.92,182.59,133.37,9999.0,9999.0,9999.0,123.04514229636898,200.8553846153846,228.5,9999,9999,9999
03/31/1992_24:00,462.79,187.97,130.99,9999.0,9999.0,9999.0,122.49195402298851,203.95870967741934,232.884074941452,9999,9999,9999
04/30/1992_24:00,468.47,184.98,129.98,9999.0,9999.0,9999.0,122.49425287356321,204.16514285714288,235.77027027027026,9999,9999,9999
05/31/1992_24:00,468.4,180.07,128.37,9999.0,9999.0,9999.0,122.75172413793103,204.87428571428575,235.26602316602316,9999,9999,9999
06/30/1992_24:00,467.22,179.95,129.43,9999.0,9999.0,9999.0,124.33464180569185,203.29806451612905,232.39406896551725,9999,9999,9999
07/31/1992_24:00,466.21,179.93,130.06,9999.0,9999.0,9999.0,124.02060843964671,202.02903225806452,232.39406896551725,9999,9999,9999
08/31/1992_24:00,458.99,179.04,130.88,9999.0,9999.0,9999.0,122.58620689655172,202.29032258064518,232.78805620608898,9999,9999,9999
09/30/1992_24:00,449.76,179.27,130.36,9999.0,9999.0,9999.0,123.55348380765454,201.42,227.770303030303,9999,9999,9999
10/31/1992_24:00,444.36,179.35,126.73,9999.0,9999.0,9999.0,122.86436781609194,199.91454545454548,224.03816046966733,9999,9999,9999
11/30/1992_24:00,442.88,175.77,126.97,9999.0,9999.0,9999.0,122.39999999999999,199.1290909090909,226.6430303030303,9999,9999,9999
12/31/1992_24:00,441.43,172.48,132.0,9999.0,9999.0,9999.0,121.97471264367816,199.09090909090907,229.63655172413792,9999,9999,9999
01/31/1993_24:00,438.26,184.68,131.99,9999.0,9999.0,9999.0,123.6457311089303,201.28,232.07737931034484,9999,9999,9999
02/28/1993_24:00,450.07,198.08,129.77,9999.0,9999.0,9999.0,122.0367816091954,202.25161290322578,232.59601873536297,9999,9999,9999
03/31/1993_24:00,462.46,208.64,132.11,9999.0,9999.0,9999.0,123.26692836113837,206.90000000000003,236.6866666666667,9999,9999,9999
04/30/1993_24:00,471.84,213.42,128.98,9999.0,9999.0,9999.0,122.81379310344829,206.74,237.43333333333334,9999,9999,9999
05/31/1993_24:00,471.9,224.22,129.55,9999.0,9999.0,9999.0,122.69885057471264,207.147,238.33333333333334,9999,9999,9999
06/30/1993_24:00,471.49,232.11,130.99,9999.0,9999.0,9999.0,122.33793103448276,207.3255,233.980093676815,9999,9999,9999
07/31/1993_24:00,469.61,226.77,130.34,9999.0,9999.0,9999.0,123.26692836113837,205.88685714285717,233.66814988290398,9999,9999,9999
08/31/1993_24:00,462.73,222.93,130.16,9999.0,9999.0,9999.0,122.04827586206896,207.8715,233.87611241217797,9999,9999,9999
09/30/1993_24:00,451.03,221.34,127.84,9999.0,9999.0,9999.0,122.84367816091954,204.60228571428576,231.13944827586207,9999,9999,9999
10/31/1993_24:00,446.56,219.63,128.66,9999.0,9999.0,9999.0,124.24631992149166,198.62454545454545,224.03816046966733,9999,9999,9999
11/30/1993_24:00,442.25,218.52,130.44,9999.0,9999.0,9999.0,123.1844946025515,199.26,225.3618181818182,9999,9999,9999
12/31/1993_24:00,439.75,217.32,130.06,9999.0,9999.0,9999.0,123.67320902845927,198.08454545454546,227.38606060606062,9999,9999,9999
01/31/1994_24:00,440.77,215.28,129.19,9999.0,9999.0,9999.0,123.00785083415111,197.48888888888888,229.63655172413792,9999,9999,9999
02/28/1994_24:00,447.01,213.93,129.65,9999.0,9999.0,9999.0,123.35132482826299,199.2163636363636,232.980093676815,9999,9999,9999
03/31/1994_24:00,453.41,211.83,128.72,9999.0,9999.0,9999.0,123.72031403336604,202.84193548387094,233.87611241217797,9999,9999,9999
04/30/1994_24:00,449.16,208.59,129.19,9999.0,9999.0,9999.0,123.47890088321883,203.7832258064516,237.93333333333334,9999,9999,9999
05/31/1994_24:00,446.65,204.81,128.18,9999.0,9999.0,9999.0,123.61629048086358,204.3497142857143,235.77027027027026,9999,9999,9999
06/30/1994_24:00,445.58,203.01,130.28,9999.0,9999.0,9999.0,123.45142296368988,206.11,235.45752895752895,9999,9999,9999
07/31/1994_24:00,443.31,201.81,129.34,9999.0,9999.0,9999.0,123.13738959764474,203.16387096774193,233.26814988290397,9999,9999,9999
08/31/1994_24:00,441.05,198.75,131.36,9999.0,9999.0,9999.0,123.70068694798823,205.10514285714288,236.0830115830116,9999,9999,9999
09/30/1994_24:00,437.9,199.14,131.61,9999.0,9999.0,9999.0,123.21982335623159,205.37257142857146,229.53724137931033,9999,9999,9999
10/31/1994_24:00,429.75,200.01,129.39,9999.0,9999.0,9999.0,123.44160942100098,202.55806451612904,223.13013698630135,9999,9999,9999
11/30/1994_24:00,425.72,200.16,130.61,9999.0,9999.0,9999.0,123.21197252208046,202.11612903225804,225.87333333333333,9999,9999,9999
12/31/1994_24:00,428.12,202.41,129.77,9999.0,9999.0,9999.0,123.65358194308143,202.08709677419353,227.71939393939394,9999,9999,9999
01/31/1995_24:00,447.15,209.97,130.34,9999.0,9999.0,9999.0,122.65287356321839,204.34000000000003,232.07737931034484,9999,9999,9999
02/28/1995_24:00,440.11,209.77,130.87,9999.0,9999.0,9999.0,123.41413150147201,205.7634285714286,233.26814988290397,9999,9999,9999
03/31/1995_24:00,458.14,221.4,132.38,9999.0,9999.0,9999.0,122.91724137931035,206.19,235.45752895752895,9999,9999,9999
04/30/1995_24:00,466.34,214.77,132.62,9999.0,9999.0,9999.0,122.7103448275862,204.34000000000003,235.87451737451735,9999,9999,9999
05/31/1995_24:00,471.47,219.99,132.06,9999.0,9999.0,9999.0,122.57471264367815,204.62857142857143,233.772131147541,9999,9999,9999
06/30/1995_24:00,469.42,227.73,130.79,9999.0,9999.0,9999.0,122.8551724137931,204.62857142857143,236.39575289575288,9999,9999,9999
07/31/1995_24:00,467.08,230.61,131.38,9999.0,9999.0,9999.0,123.71835132482825,207.84,235.77027027027026,9999,9999,9999
08/31/1995_24:00,459.57,228.99,130.51,9999.0,9999.0,9999.0,122.84597701149426,203.101935483871,235.17027027027027,9999,9999,9999
09/30/1995_24:00,454.3,220.65,130.28,9999.0,9999.0,9999.0,121.98620689655172,201.7,224.153228962818,9999,9999,9999
10/31/1995_24:00,447.05,214.2,125.38,9999.0,9999.0,9999.0,123.6810598626104,201.3846153846154,221.50195694716243,9999,9999,9999
11/30/1995_24:00,438.2,214.14,129.8,9999.0,9999.0,9999.0,122.81379310344829,203.15354838709675,221.50195694716243,9999,9999,9999
12/31/1995_24:00,439.14,213.36,127.95,9999.0,9999.0,9999.0,123.70068694798823,204.68971428571427,223.16927592954988,9999,9999,9999
01/31/1996_24:00,443.38,217.02,130.96,9999.0,9999.0,9999.0,123.45142296368988,206.60000000000002,234.396018735363,9999,9999,9999
02/29/1996_24:00,449.32,215.13,129.84,9999.0,9999.0,9999.0,123.30421982335622,204.0874285714286,232.78805620608898,9999,9999,9999
03/31/1996_24:00,456.09,206.19,131.97,9999.0,9999.0,9999.0,123.62610402355249,204.8062857142857,233.87611241217797,9999,9999,9999
04/30/1996_24:00,468.08,210.04,131.93,9999.0,9999.0,9999.0,123.52404317958782,203.98967741935485,235.34169884169881,9999,9999,9999
05/31/1996_24:00,469.47,230.0,131.62,9999.0,9999.0,9999.0,123.52404317958782,205.928,234.5957528957529,9999,9999,9999
06/30/1996_24:00,469.65,232.76,131.44,9999.0,9999.0,9999.0,124.24631992149166,205.28000000000003,234.80463320463323,9999,9999,9999
07/31/1996_24:00,466.46,224.08,130.3,9999.0,9999.0,9999.0,123.99116781157997,206.54,232.51358313817332,9999,9999,9999
08/31/1996_24:00,460.59,219.12,131.45,9999.0,9999.0,9999.0,124.28557409224729,203.98967741935485,231.6448275862069,9999,9999,9999
09/30/1996_24:00,454.08,216.28,129.94,9999.0,9999.0,9999.0,123.70068694798823,204.63142857142861,232.2318620689655,9999,9999,9999
10/31/1996_24:00,445.71,219.04,123.85,9999.0,9999.0,9999.0,123.6810598626104,206.86,225.17030303030302,9999,9999,9999
11/30/1996_24:00,441.66,221.24,129.55,9999.0,9999.0,9999.0,123.96172718351323,204.81600000000003,224.69151515151515,9999,9999,9999
12/31/1996_24:00,441.42,219.88,128.92,9999.0,9999.0,9999.0,121.59770114942529,208.69565217391303,227.3557575757576,9999,9999,9999
01/31/1997_24:00,451.85,227.57,132.19,9999.0,9999.0,9999.0,122.7816091954023,203.13290322580644,232.3256551724138,9999,9999,9999
02/28/1997_24:00,446.75,209.57,131.4,9999.0,9999.0,9999.0,122.64827586206897,206.0,232.71077283372367,9999,9999,9999
03/31/1997_24:00,452.65,207.01,130.76,9999.0,9999.0,9999.0,123.0549558390579,205.10514285714288,233.46018735362998,9999,9999,9999
04/30/1997_24:00,454.16,211.41,130.38,9999.0,9999.0,9999.0,123.99116781157997,201.28,232.39406896551725,9999,9999,9999
05/31/1997_24:00,450.9,220.93,130.21,9999.0,9999.0,9999.0,123.25711481844945,207.8505,237.24666666666667,9999,9999,9999
06/30/1997_24:00,447.18,222.13,129.18,9999.0,9999.0,9999.0,123.75564278704611,203.72258064516132,232.28868965517242,9999,9999,9999
07/31/1997_24:00,445.68,219.44,130.8,9999.0,9999.0,9999.0,123.38665358194307,206.82999999999998,234.5,9999,9999,9999
08/31/1997_24:00,444.16,218.44,131.28,9999.0,9999.0,9999.0,123.03532875368008,206.29999999999998,236.28378378378378,9999,9999,9999
09/30/1997_24:00,443.01,217.52,131.8,9999.0,9999.0,9999.0,123.83022571148184,206.07999999999998,229.63655172413792,9999,9999,9999
10/31/1997_24:00,439.16,220.8,128.38,9999.0,9999.0,9999.0,123.27674190382727,206.07999999999998,229.43793103448277,9999,9999,9999
11/30/1997_24:00,437.52,222.4,129.34,9999.0,9999.0,9999.0,123.91265947006869,202.29032258064518,224.97878787878787,9999,9999,9999
12/31/1997_24:00,444.02,219.76,130.35,9999.0,9999.0,9999.0,123.99116781157997,201.44,228.5,9999,9999,9999
01/31/1998_24:00,445.69,221.96,130.17,9999.0,9999.0,9999.0,124.23650637880274,205.44457142857144,230.7344827586207,9999,9999,9999
02/28/1998_24:00,449.21,218.32,130.48,9999.0,9999.0,9999.0,123.19234543670265,205.44457142857144,233.980093676815,9999,9999,9999
03/31/1998_24:00,454.24,208.6,130.85,9999.0,9999.0,9999.0,121.08735632183908,204.10685714285717,234.5957528957529,9999,9999,9999
04/30/1998_24:00,468.86,211.44,129.66,9999.0,9999.0,9999.0,122.77241379310345,204.3594285714286,234.396018735363,9999,9999,9999
05/31/1998_24:00,470.66,216.76,130.86,9999.0,9999.0,9999.0,123.35917566241413,204.28171428571432,232.5360655737705,9999,9999,9999
06/30/1998_24:00,470.25,233.56,131.71,9999.0,9999.0,9999.0,123.91265947006869,205.17714285714288,235.55482625482625,9999,9999,9999
07/31/1998_24:00,467.19,223.68,131.04,9999.0,9999.0,9999.0,123.53581943081451,204.89371428571428,236.5966666666667,9999,9999,9999
08/31/1998_24:00,461.33,211.32,130.69,9999.0,9999.0,9999.0,124.09911678115799,207.0,237.63333333333335,9999,9999,9999
09/30/1998_24:00,455.81,213.04,130.85,9999.0,9999.0,9999.0,124.45240431795878,203.65935483870967,236.83333333333334,9999,9999,9999
10/31/1998_24:00,446.68,217.52,130.69,9999.0,9999.0,9999.0,122.89655172413794,202.958064516129,222.59158512720154,9999,9999,9999
11/30/1998_24:00,438.09,218.72,130.21,9999.0,9999.0,9999.0,124.43277723258095,203.20516129032256,219.776459268762,9999,9999,9999
12/31/1998_24:00,437.8,218.76,128.12,9999.0,9999.0,9999.0,123.44160942100098,203.5251612903226,219.65586914688902,9999,9999,9999
01/31/1999_24:00,441.25,221.48,128.65,9999.0,9999.0,9999.0,124.30520117762512,201.64615384615385,234.188056206089,9999,9999,9999
02/28/1999_24:00,450.25,216.16,130.27,9999.0,9999.0,9999.0,123.52404317958782,204.9411428571429,233.07611241217796,9999,9999,9999
03/31/1999_24:00,463.12,215.64,132.24,9999.0,9999.0,9999.0,123.26692836113837,203.48387096774192,233.46018735362998,9999,9999,9999
04/30/1999_24:00,471.19,216.08,132.05,9999.0,9999.0,9999.0,122.39999999999999,204.34000000000003,236.1872586872587,9999,9999,9999
05/31/1999_24:00,469.38,217.16,131.03,9999.0,9999.0,9999.0,122.88505747126436,205.24914285714289,235.87451737451735,9999,9999,9999
06/30/1999_24:00,468.7,225.16,131.2,9999.0,9999.0,9999.0,123.47890088321883,205.55428571428575,235.66602316602314,9999,9999,9999
07/31/1999_24:00,463.66,222.4,129.91,9999.0,9999.0,9999.0,123.32188420019625,202.54193548387096,236.39575289575288,9999,9999,9999
08/31/1999_24:00,457.09,218.84,129.78,9999.0,9999.0,9999.0,123.5809617271835,207.18900000000002,237.93333333333334,9999,9999,9999
09/30/1999_24:00,452.58,217.48,129.99,9999.0,9999.0,9999.0,123.43179587831207,206.46,235.77027027027026,9999,9999,9999
10/31/1999_24:00,445.75,220.52,128.19,9999.0,9999.0,9999.0,121.38620689655171,202.97806451612905,228.12545454545455,9999,9999,9999
11/30/1999_24:00,441.66,221.4,132.02,9999.0,9999.0,9999.0,122.88505747126436,203.39096774193547,227.45757575757574,9999,9999,9999
12/31/1999_24:00,442.32,220.72,131.23,9999.0,9999.0,9999.0,122.7103448275862,202.958064516129,233.564168618267,9999,9999,9999
01/31/2000_24:00,445.38,220.12,131.5,9999.0,9999.0,9999.0,122.65747126436781,203.4193548387097,231.96593103448276,9999,9999,9999
02/29/2000_24:00,454.94,219.0,131.26,9999.0,9999.0,9999.0,123.03729146221785,204.99200000000002,227.45757575757574,9999,9999,9999
03/31/2000_24:00,460.12,215.6,131.92,9999.0,9999.0,9999.0,123.75564278704611,205.78400000000002,234.084074941452,9999,9999,9999
04/30/2000_24:00,466.28,217.32,131.52,9999.0,9999.0,9999.0,123.60843964671245,206.75,235.07451737451737,9999,9999,9999
05/31/2000_24:00,469.23,224.88,130.33,9999.0,9999.0,9999.0,123.27674190382727,208.3817391304348,234.084074941452,9999,9999,9999
06/30/2000_24:00,466.67,226.36,130.85,9999.0,9999.0,9999.0,123.79097154072619,206.31,234.6915057915058,9999,9999,9999
07/31/2000_24:00,460.22,222.4,129.43,9999.0,9999.0,9999.0,124.37389597644747,206.29,235.83976833976834,9999,9999,9999
08/31/2000_24:00,453.39,220.08,131.18,9999.0,9999.0,9999.0,123.65554465161921,209.03000000000003,237.24666666666667,9999,9999,9999
09/30/2000_24:00,448.32,218.44,131.29,9999.0,9999.0,9999.0,122.77241379310345,205.79428571428573,236.96666666666667,9999,9999,9999
10/31/2000_24:00,441.38,221.2,130.49,9999.0,9999.0,9999.0,124.08930323846909,205.10514285714288,232.18275862068967,9999,9999,9999
11/30/2000_24:00,439.06,221.08,132.46,9999.0,9999.0,9999.0,124.94308145240431,203.93806451612903,230.83600000000004,9999,9999,9999
12/31/2000_24:00,439.3,220.84,131.68,9999.0,9999.0,9999.0,123.61825318940136,203.97935483870967,234.188056206089,9999,9999,9999
01/31/2001_24:00,441.09,218.08,131.36,9999.0,9999.0,9999.0,122.23448275862069,204.49885714285716,234.6915057915058,9999,9999,9999
02/28/2001_24:00,447.39,215.6,128.17,9999.0,9999.0,9999.0,123.41609421000979,207.03,233.980093676815,9999,9999,9999
03/31/2001_24:00,460.26,213.56,131.79,9999.0,9999.0,9999.0,122.84597701149426,204.77714285714285,234.188056206089,9999,9999,9999
04/30/2001_24:00,465.91,213.88,128.42,9999.0,9999.0,9999.0,122.79310344827587,206.37,236.87333333333336,9999,9999,9999
05/31/2001_24:00,461.3,212.32,128.66,9999.0,9999.0,9999.0,123.22178606476938,205.44457142857144,236.1872586872587,9999,9999,9999
06/30/2001_24:00,456.84,207.88,130.43,9999.0,9999.0,9999.0,123.14720314033364,204.86457142857142,235.87451737451735,9999,9999,9999
07/31/2001_24:00,454.75,205.4,128.76,9999.0,9999.0,9999.0,123.63591756624142,205.70171428571427,235.36177606177608,9999,9999,9999
08/31/2001_24:00,448.72,202.96,130.57,9999.0,9999.0,9999.0,123.60843964671245,205.79428571428573,235.66602316602314,9999,9999,9999
09/30/2001_24:00,439.9,200.2,128.63,9999.0,9999.0,9999.0,123.49852796859666,206.48000000000002,234.084074941452,9999,9999,9999
10/31/2001_24:00,434.14,202.24,126.4,9999.0,9999.0,9999.0,123.74779195289497,203.6903225806452,226.74484848484846,9999,9999,9999
11/30/2001_24:00,435.51,199.72,127.41,9999.0,9999.0,9999.0,122.49425287356321,202.3483870967742,226.6430303030303,9999,9999,9999
12/31/2001_24:00,445.08,201.84,131.16,9999.0,9999.0,9999.0,123.23159960745828,203.06064516129032,227.05030303030304,9999,9999,9999
01/31/2002_24:00,447.61,208.64,130.41,9999.0,9999.0,9999.0,122.5448275862069,203.1767741935484,227.3557575757576,9999,9999,9999
02/28/2002_24:00,451.64,207.64,131.96,9999.0,9999.0,9999.0,122.77241379310345,202.57225806451612,227.2539393939394,9999,9999,9999
03/31/2002_24:00,459.58,214.12,129.52,9999.0,9999.0,9999.0,123.21197252208046,205.14514285714287,235.77027027027026,9999,9999,9999
04/30/2002_24:00,461.06,218.0,128.9,9999.0,9999.0,9999.0,124.23650637880274,206.80399999999997,235.97876447876448,9999,9999,9999
05/31/2002_24:00,460.13,215.6,131.9,9999.0,9999.0,9999.0,123.42394504416094,207.21050000000002,235.45752895752895,9999,9999,9999
06/30/2002_24:00,457.8,216.44,128.67,9999.0,9999.0,9999.0,123.75564278704611,206.96450000000002,235.07451737451737,9999,9999,9999
07/31/2002_24:00,456.24,212.84,129.79,9999.0,9999.0,9999.0,123.94210009813541,206.75,235.45752895752895,9999,9999,9999
08/31/2002_24:00,450.16,210.04,129.79,9999.0,9999.0,9999.0,123.97154072620214,206.60500000000002,235.45752895752895,9999,9999,9999
09/30/2002_24:00,441.83,208.32,131.14,9999.0,9999.0,9999.0,123.50834151128555,206.5515,235.45752895752895,9999,9999,9999
10/31/2002_24:00,434.98,210.48,127.67,9999.0,9999.0,9999.0,123.82041216879293,206.5585,226.6430303030303,9999,9999,9999
11/30/2002_24:00,434.96,210.28,128.01,9999.0,9999.0,9999.0,123.62806673209028,203.54580645161292,227.3557575757576,9999,9999,9999
12/31/2002_24:00,441.7,212.56,129.12,9999.0,9999.0,9999.0,123.33169774288517,204.30114285714288,229.7358620689655,9999,9999,9999
01/31/2003_24:00,446.14,215.92,128.88,9999.0,9999.0,9999.0,124.03042198233561,205.23885714285717,229.25034482758622,9999,9999,9999
02/28/2003_24:00,452.2,219.52,128.34,9999.0,9999.0,9999.0,124.42296368989204,205.04857142857145,233.46018735362998,9999,9999,9999
03/31/2003_24:00,462.52,219.24,131.92,9999.0,9999.0,9999.0,123.21197252208046,205.70171428571427,234.78725868725869,9999,9999,9999
04/30/2003_24:00,471.15,220.52,132.93,9999.0,9999.0,9999.0,124.58979391560352,206.1475,235.77027027027026,9999,9999,9999
05/31/2003_24:00,472.34,227.16,133.16,9999.0,9999.0,9999.0,122.9287356321839,205.74400000000003,234.396018735363,9999,9999,9999
06/30/2003_24:00,471.22,230.0,133.27,9999.0,9999.0,9999.0,123.29440628066732,206.07999999999998,235.97876447876448,9999,9999,9999
07/31/2003_24:00,465.81,222.36,131.24,9999.0,9999.0,9999.0,124.0107948969578,205.09485714285717,236.29150579150578,9999,9999,9999
08/31/2003_24:00,460.62,216.6,130.73,9999.0,9999.0,9999.0,123.10991167811578,206.28,235.07451737451737,9999,9999,9999
09/30/2003_24:00,453.76,215.28,130.51,9999.0,9999.0,9999.0,123.4612365063788,206.28,229.53724137931033,9999,9999,9999
10/31/2003_24:00,443.99,216.96,129.78,9999.0,9999.0,9999.0,124.05004906771343,203.95290322580644,230.43103448275863,9999,9999,9999
11/30/2003_24:00,440.18,215.84,128.21,9999.0,9999.0,9999.0,123.79293424926396,205.08457142857145,229.53724137931033,9999,9999,9999
12/31/2003_24:00,443.01,216.88,130.22,9999.0,9999.0,9999.0,123.76545632973503,204.10685714285717,229.7358620689655,9999,9999,9999
01/31/2004_24:00,440.59,220.2,132.84,9999.0,9999.0,9999.0,123.48871442590774,204.79657142857144,229.53724137931033,9999,9999,9999
02/29/2004_24:00,454.84,221.24,133.39,9999.0,9999.0,9999.0,123.40628066732089,204.68,236.29150579150578,9999,9999,9999
03/31/2004_24:00,461.65,226.28,131.91,9999.0,9999.0,9999.0,123.13935230618252,205.3314285714286,236.39575289575288,9999,9999,9999
04/30/2004_24:00,468.32,227.24,132.61,9999.0,9999.0,9999.0,123.8125613346418,206.57,235.56177606177607,9999,9999,9999
05/31/2004_24:00,465.05,219.88,132.13,9999.0,9999.0,9999.0,122.56551724137931,205.57828571428576,236.5,9999,9999,9999
06/30/2004_24:00,461.23,216.07,130.34,9999.0,9999.0,9999.0,123.85770363101078,205.26971428571431,236.5966666666667,9999,9999,9999
07/31/2004_24:00,454.8,212.96,129.48,9999.0,9999.0,9999.0,123.90480863591756,205.3314285714286,235.97876447876448,9999,9999,9999
08/31/2004_24:00,447.44,210.6,130.56,9999.0,9999.0,9999.0,123.96172718351323,205.52685714285715,235.97876447876448,9999,9999,9999
09/30/2004_24:00,442.0,209.2,132.21,9999.0,9999.0,9999.0,123.47890088321883,204.28171428571432,229.7358620689655,9999,9999,9999
10/31/2004_24:00,436.4,210.6,127.31,9999.0,9999.0,9999.0,122.99080459770114,203.36,220.13822963438102,9999,9999,9999
11/30/2004_24:00,437.14,209.36,129.05,9999.0,9999.0,9999.0,123.6457311089303,204.1457142857143,220.13822963438102,9999,9999,9999
12/31/2004_24:00,442.03,211.2,129.76,9999.0,9999.0,9999.0,123.30421982335622,204.16514285714288,220.13822963438102,9999,9999,9999
01/31/2005_24:00,446.1,219.8,133.15,9999.0,9999.0,9999.0,123.1844946025515,205.6914285714286,232.5,9999,9999,9999
02/28/2005_24:00,455.54,224.2,128.99,9999.0,9999.0,9999.0,121.52183908045976,206.76999999999998,235.17027027027027,9999,9999,9999
03/31/2005_24:00,465.21,229.28,132.36,9999.0,9999.0,9999.0,124.31501472031402,207.1995,236.87333333333336,9999,9999,9999
04/30/2005_24:00,470.85,229.4,133.67,9999.0,9999.0,9999.0,122.66896551724139,207.63,236.0830115830116,9999,9999,9999
05/31/2005_24:00,471.35,232.84,132.6,9999.0,9999.0,9999.0,121.13563218390804,209.0,236.29150579150578,9999,9999,9999
06/30/2005_24:00,471.03,234.08,131.58,9999.0,9999.0,9999.0,123.69283611383709,205.96914285714288,235.77027027027026,9999,9999,9999
07/31/2005_24:00,466.5,228.72,132.08,9999.0,9999.0,9999.0,124.63886162904807,207.77700000000002,236.0830115830116,9999,9999,9999
08/31/2005_24:00,458.46,222.8,132.47,9999.0,9999.0,9999.0,124.73699705593718,206.72,236.96666666666667,9999,9999,9999
09/30/2005_24:00,448.11,217.84,131.51,9999.0,9999.0,9999.0,123.76545632973503,207.35699999999997,235.77027027027026,9999,9999,9999
10/31/2005_24:00,445.41,220.2,130.48,9999.0,9999.0,9999.0,123.62806673209028,204.99714285714288,224.59575757575757,9999,9999,9999
11/30/2005_24:00,443.24,219.48,131.7,9999.0,9999.0,9999.0,124.11874386653581,203.79354838709676,223.57632093933464,9999,9999,9999
12/31/2005_24:00,447.1,223.44,131.17,9999.0,9999.0,9999.0,121.80229885057472,205.77371428571428,225.45757575757574,9999,9999,9999
01/31/2006_24:00,444.23,213.0,128.31,9999.0,9999.0,9999.0,122.183908045977,205.80457142857142,232.78805620608898,9999,9999,9999
02/28/2006_24:00,455.63,213.04,130.66,9999.0,9999.0,9999.0,123.02747791952895,206.4,235.17027027027027,9999,9999,9999
03/31/2006_24:00,462.14,224.72,131.2,9999.0,9999.0,9999.0,123.12953876349361,205.10514285714288,236.96666666666667,9999,9999,9999
04/30/2006_24:00,467.17,226.96,133.96,9999.0,9999.0,9999.0,123.08243375858683,205.4137142857143,236.5966666666667,9999,9999,9999
05/31/2006_24:00,471.72,230.52,133.11,9999.0,9999.0,9999.0,123.41609421000979,208.1008695652174,237.06,9999,9999,9999
06/30/2006_24:00,470.25,232.48,130.86,9999.0,9999.0,9999.0,122.73103448275862,207.6195,235.17027027027027,9999,9999,9999
07/31/2006_24:00,465.19,227.04,132.78,9999.0,9999.0,9999.0,123.35132482826299,206.95000000000002,235.97876447876448,9999,9999,9999
08/31/2006_24:00,457.57,224.72,133.58,9999.0,9999.0,9999.0,123.22178606476938,207.882,237.43333333333334,9999,9999,9999
09/30/2006_24:00,449.96,219.32,133.25,9999.0,9999.0,9999.0,123.10991167811578,207.98700000000002,235.07451737451737,9999,9999,9999
10/31/2006_24:00,447.36,220.72,130.13,9999.0,9999.0,9999.0,122.83448275862068,204.94228571428573,226.43939393939394,9999,9999,9999
11/30/2006_24:00,444.56,220.48,130.22,9999.0,9999.0,9999.0,123.21197252208046,207.063,226.43939393939394,9999,9999,9999
12/31/2006_24:00,444.71,222.08,131.35,9999.0,9999.0,9999.0,123.69283611383709,205.02285714285716,226.94848484848484,9999,9999,9999
01/31/2007_24:00,444.24,221.56,131.11,9999.0,9999.0,9999.0,122.27586206896551,202.75483870967741,231.86606896551726,9999,9999,9999
02/28/2007_24:00,447.32,219.8,132.83,9999.0,9999.0,9999.0,123.50834151128555,205.1154285714286,231.76013793103448,9999,9999,9999
03/31/2007_24:00,456.21,219.48,132.56,9999.0,9999.0,9999.0,123.27674190382727,203.61806451612904,236.29150579150578,9999,9999,9999
04/30/2007_24:00,456.78,216.84,132.5,9999.0,9999.0,9999.0,123.72031403336604,202.82258064516128,236.1872586872587,9999,9999,9999
05/31/2007_24:00,453.89,213.32,132.58,9999.0,9999.0,9999.0,122.86666666666666,203.3548387096774,235.45752895752895,9999,9999,9999
06/30/2007_24:00,451.1,210.88,129.24,9999.0,9999.0,9999.0,123.5809617271835,203.11225806451614,235.45752895752895,9999,9999,9999
07/31/2007_24:00,448.4,207.04,129.83,9999.0,9999.0,9999.0,123.1844946025515,202.58064516129033,236.29150579150578,9999,9999,9999
08/31/2007_24:00,445.36,205.04,130.48,9999.0,9999.0,9999.0,122.93793103448276,204.17485714285715,236.1872586872587,9999,9999,9999
09/30/2007_24:00,440.35,203.95,131.7,9999.0,9999.0,9999.0,123.72031403336604,202.58064516129033,232.78805620608898,9999,9999,9999
10/31/2007_24:00,434.65,204.01,130.53,9999.0,9999.0,9999.0,122.68045977011494,202.58064516129033,229.0627586206897,9999,9999,9999
11/30/2007_24:00,432.85,203.56,130.33,9999.0,9999.0,9999.0,121.9655172413793,205.71200000000002,228.5,9999,9999,9999
12/31/2007_24:00,432.71,201.2,131.6,9999.0,9999.0,9999.0,122.50344827586206,203.56645161290322,229.0627586206897,9999,9999,9999
01/31/2008_24:00,443.07,201.51,129.16,9999.0,9999.0,9999.0,121.50114942528737,203.63870967741934,229.7358620689655,9999,9999,9999
02/29/2008_24:00,449.98,202.67,132.09,9999.0,9999.0,9999.0,123.10991167811578,203.91741935483873,231.65475862068968,9999,9999,9999
03/31/2008_24:00,456.65,203.45,133.26,9999.0,9999.0,9999.0,122.52413793103449,203.0090322580645,235.17027027027027,9999,9999,9999
04/30/2008_24:00,462.4,201.37,133.04,9999.0,9999.0,9999.0,123.16683022571146,203.53548387096777,233.07611241217796,9999,9999,9999
05/31/2008_24:00,459.88,196.47,131.98,9999.0,9999.0,9999.0,123.75564278704611,204.51485714285718,234.97876447876448,9999,9999,9999
06/30/2008_24:00,457.55,193.68,129.64,9999.0,9999.0,9999.0,123.79293424926396,204.05828571428574,233.564168618267,9999,9999,9999
07/31/2008_24:00,453.81,190.92,132.85,9999.0,9999.0,9999.0,124.30520117762512,202.8709677419355,233.17213114754094,9999,9999,9999
08/31/2008_24:00,447.66,190.88,133.0,9999.0,9999.0,9999.0,123.40628066732089,205.20000000000005,233.17213114754094,9999,9999,9999
09/30/2008_24:00,437.97,189.78,132.47,9999.0,9999.0,9999.0,123.56329735034346,205.23885714285717,229.0627586206897,9999,9999,9999
10/31/2008_24:00,434.6,189.6,129.25,9999.0,9999.0,9999.0,122.08045977011494,202.31935483870967,224.153228962818,9999,9999,9999
11/30/2008_24:00,434.5,188.06,131.03,9999.0,9999.0,9999.0,123.47890088321883,204.0194285714286,224.03816046966733,9999,9999,9999
12/31/2008_24:00,433.8,187.73,130.68,9999.0,9999.0,9999.0,122.72183908045977,202.38709677419354,227.56181818181818,9999,9999,9999
01/31/2009_24:00,434.58,188.8,130.73,9999.0,9999.0,9999.0,122.42068965517242,202.59032258064516,229.25034482758622,9999,9999,9999
02/28/2009_24:00,437.05,192.27,132.63,9999.0,9999.0,9999.0,123.5809617271835,202.4064516129032,231.76013793103448,9999,9999,9999
03/31/2009_24:00,453.48,201.82,132.92,9999.0,9999.0,9999.0,122.72183908045977,203.5974193548387,232.39406896551725,9999,9999,9999
04/30/2009_24:00,458.23,207.02,130.82,9999.0,9999.0,9999.0,123.42394504416094,203.54580645161292,233.07611241217796,9999,9999,9999
05/31/2009_24:00,460.9,221.43,132.47,9999.0,9999.0,9999.0,124.41315014720314,205.29028571428574,232.39406896551725,9999,9999,9999
06/30/2009_24:00,463.18,223.26,131.33,9999.0,9999.0,9999.0,124.19725220804709,204.89371428571428,233.980093676815,9999,9999,9999
07/31/2009_24:00,459.02,223.16,132.83,9999.0,9999.0,9999.0,124.28557409224729,204.40800000000002,235.17027027027027,9999,9999,9999
08/31/2009_24:00,452.68,223.16,133.48,9999.0,9999.0,9999.0,124.29538763493622,204.88400000000001,235.66602316602314,9999,9999,9999
09/30/2009_24:00,445.98,222.07,134.11,9999.0,9999.0,9999.0,123.48871442590774,205.2594285714286,233.66814988290398,9999,9999,9999
10/31/2009_24:00,440.92,216.96,131.76,9999.0,9999.0,9999.0,123.38665358194307,204.85485714285716,226.14484848484847,9999,9999,9999
11/30/2009_24:00,439.24,215.69,128.44,9999.0,9999.0,9999.0,123.90480863591756,206.09000000000003,226.14484848484847,9999,9999,9999
12/31/2009_24:00,438.74,215.22,133.48,9999.0,9999.0,9999.0,124.07948969578017,204.34000000000003,226.34121212121212,9999,9999,9999
01/31/2010_24:00,443.72,216.5,132.11,9999.0,9999.0,9999.0,123.22178606476938,203.82451612903225,229.7358620689655,9999,9999,9999
02/28/2010_24:00,445.39,219.26,131.64,9999.0,9999.0,9999.0,122.37011494252872,202.92903225806452,233.26814988290397,9999,9999,9999
03/31/2010_24:00,453.45,222.59,133.1,9999.0,9999.0,9999.0,122.12183908045978,206.57,235.56177606177607,9999,9999,9999
04/30/2010_24:00,465.97,226.2,133.84,9999.0,9999.0,9999.0,122.52413793103449,208.60782608695652,236.1872586872587,9999,9999,9999
05/31/2010_24:00,470.38,226.51,132.48,9999.0,9999.0,9999.0,123.70068694798823,207.2835,235.66602316602314,9999,9999,9999
06/30/2010_24:00,470.25,232.17,132.26,9999.0,9999.0,9999.0,123.48871442590774,208.58260869565217,235.17027027027027,9999,9999,9999
07/31/2010_24:00,466.34,227.9,132.4,9999.0,9999.0,9999.0,123.92247301275759,204.48571428571432,235.17027027027027,9999,9999,9999
08/31/2010_24:00,458.37,224.63,132.75,9999.0,9999.0,9999.0,124.23650637880274,205.74285714285713,235.07451737451737,9999,9999,9999
09/30/2010_24:00,450.64,221.36,133.52,9999.0,9999.0,9999.0,123.5809617271835,205.59885714285718,234.396018735363,9999,9999,9999
10/31/2010_24:00,445.3,215.61,132.49,9999.0,9999.0,9999.0,122.7632183908046,203.72258064516132,225.55575757575758,9999,9999,9999
11/30/2010_24:00,440.76,213.32,131.53,9999.0,9999.0,9999.0,123.10206084396467,206.28,231.86606896551726,9999,9999,9999
12/31/2010_24:00,437.49,209.77,134.68,9999.0,9999.0,9999.0,123.1844946025515,203.55612903225807,233.564168618267,9999,9999,9999
01/31/2011_24:00,443.22,209.75,133.1,9999.0,9999.0,9999.0,122.56551724137931,203.63870967741934,232.980093676815,9999,9999,9999
02/28/2011_24:00,445.68,216.7,134.27,9999.0,9999.0,9999.0,122.02758620689656,206.06,233.564168618267,9999,9999,9999
03/31/2011_24:00,453.79,222.57,132.25,9999.0,9999.0,9999.0,122.81379310344829,205.82514285714285,235.17065637065636,9999,9999,9999
04/30/2011_24:00,461.39,217.3,132.75,9999.0,9999.0,9999.0,122.27586206896551,205.66057142857144,235.54324324324324,9999,9999,9999
05/31/2011_24:00,470.16,219.53,133.3,9999.0,9999.0,9999.0,122.50344827586206,207.8295,234.5015444015444,9999,9999,9999
06/30/2011_24:00,470.81,234.47,133.06,9999.0,9999.0,9999.0,122.43218390804597,207.84,235.03011583011582,9999,9999,9999
07/31/2011_24:00,466.4,232.44,133.64,9999.0,9999.0,9999.0,123.65554465161921,205.17714285714288,234.9833976833977,9999,9999,9999
08/31/2011_24:00,458.45,224.74,133.66,9999.0,9999.0,9999.0,124.34445534838076,206.75,235.51003861003863,9999,9999,9999
09/30/2011_24:00,451.19,219.86,133.34,9999.0,9999.0,9999.0,124.00098135426887,207.02100000000002,234.32201405152227,9999,9999,9999
10/31/2011_24:00,447.7,214.4,132.33,9999.0,9999.0,9999.0,123.50834151128555,204.9034285714286,226.44484848484848,9999,9999,9999
11/30/2011_24:00,445.24,210.58,132.5,9999.0,9999.0,9999.0,124.22669283611381,205.8457142857143,226.83333333333337,9999,9999,9999
12/31/2011_24:00,444.07,211.35,132.02,9999.0,9999.0,9999.0,123.82041216879293,206.75,226.0539393939394,9999,9999,9999
01/31/2012_24:00,441.34,210.48,133.62,9999.0,9999.0,9999.0,123.14720314033364,204.79657142857144,229.72537931034483,9999,9999,9999
02/29/2012_24:00,442.81,208.84,128.51,9999.0,9999.0,9999.0,123.21197252208046,204.68,233.4241217798595,9999,9999,9999
03/31/2012_24:00,447.29,206.68,132.39,9999.0,9999.0,9999.0,123.10206084396467,207.24150000000003,234.25644028103045,9999,9999,9999
04/30/2012_24:00,464.55,210.69,133.41,9999.0,9999.0,9999.0,123.30421982335622,204.9714285714286,234.04004683840748,9999,9999,9999
05/31/2012_24:00,467.53,217.52,132.29,9999.0,9999.0,9999.0,123.76545632973503,206.64000000000001,234.0105386416862,9999,9999,9999
06/30/2012_24:00,461.08,217.68,130.52,9999.0,9999.0,9999.0,124.40333660451421,206.14000000000001,233.59555035128807,9999,9999,9999
07/31/2012_24:00,454.21,215.28,132.97,9999.0,9999.0,9999.0,124.58979391560352,206.26,234.3440281030445,9999,9999,9999
08/31/2012_24:00,445.81,213.78,133.36,9999.0,9999.0,9999.0,124.13837095191363,205.89714285714285,234.0911007025761,9999,9999,9999
09/30/2012_24:00,438.98,212.39,134.64,9999.0,9999.0,9999.0,122.48275862068965,202.4258064516129,234.8177606177606,9999,9999,9999
10/31/2012_24:00,434.84,211.89,133.66,9999.0,9999.0,9999.0,123.2394504416094,206.51999999999998,227.30242424242425,9999,9999,9999
11/30/2012_24:00,434.1,211.26,130.59,9999.0,9999.0,9999.0,124.34445534838076,206.26,226.68060606060607,9999,9999,9999
12/31/2012_24:00,445.58,217.42,130.62,9999.0,9999.0,9999.0,122.65977011494253,204.8062857142857,226.43939393939394,9999,9999,9999
01/31/2013_24:00,444.06,220.79,131.29,9999.0,9999.0,9999.0,121.73333333333332,203.53548387096777,228.72124137931036,9999,9999,9999
02/28/2013_24:00,445.94,224.03,129.7,9999.0,9999.0,9999.0,123.0647693817468,203.40129032258065,233.52763466042154,9999,9999,9999
03/31/2013_24:00,447.71,225.12,131.29,9999.0,9999.0,9999.0,123.33169774288517,205.6914285714286,233.88594847775175,9999,9999,9999
04/30/2013_24:00,448.26,223.4,131.0,9999.0,9999.0,9999.0,123.71050049067712,204.96285714285716,233.98711943793913,9999,9999,9999
05/31/2013_24:00,447.18,219.88,130.96,9999.0,9999.0,9999.0,123.4612365063788,205.15657142857145,233.23723653395786,9999,9999,9999
06/30/2013_24:00,447.39,217.22,131.53,9999.0,9999.0,9999.0,123.73797841020608,205.47542857142858,233.9608899297424,9999,9999,9999
07/31/2013_24:00,446.74,214.93,133.09,9999.0,9999.0,9999.0,124.62904808635918,205.0,233.80491803278687,9999,9999,9999
08/31/2013_24:00,445.4,212.82,134.14,9999.0,9999.0,9999.0,123.23159960745828,206.13000000000002,234.16932084309133,9999,9999,9999
09/30/2013_24:00,441.03,211.58,133.28,9999.0,9999.0,9999.0,123.0549558390579,202.9,229.77282758620692,9999,9999,9999
10/31/2013_24:00,434.26,210.76,132.75,9999.0,9999.0,9999.0,123.8773307163886,204.52457142857145,227.6660606060606,9999,9999,9999
11/30/2013_24:00,429.67,209.55,133.47,9999.0,9999.0,9999.0,122.02758620689656,206.15,227.11878787878788,9999,9999,9999
12/31/2013_24:00,428.29,206.76,132.88,9999.0,9999.0,9999.0,122.77816091954023,204.31085714285717,226.15939393939396,9999,9999,9999
01/31/2014_24:00,426.85,203.95,132.67,9999.0,9999.0,9999.0,123.45142296368988,204.05828571428574,225.64848484848483,9999,9999,9999
02/28/2014_24:00,427.66,201.79,135.45,9999.0,9999.0,9999.0,123.47890088321883,206.09000000000003,225.17636363636365,9999,9999,9999
03/31/2014_24:00,442.17,199.57,134.98,9999.0,9999.0,9999.0,121.86896551724138,203.02967741935484,227.09818181818179,9999,9999,9999
04/30/2014_24:00,453.55,196.04,134.7,9999.0,9999.0,9999.0,123.24926398429832,206.23000000000002,230.73062068965515,9999,9999,9999
05/31/2014_24:00,460.89,191.09,134.41,9999.0,9999.0,9999.0,122.97011494252872,205.58857142857144,227.9587878787879,9999,9999,9999
06/30/2014_24:00,458.07,188.92,134.6,9999.0,9999.0,9999.0,124.13837095191363,204.92285714285714,228.0648484848485,9999,9999,9999
07/31/2014_24:00,453.23,188.1,134.34,9999.0,9999.0,9999.0,123.52600588812561,205.6914285714286,227.95030303030302,9999,9999,9999
08/31/2014_24:00,448.43,186.78,135.33,9999.0,9999.0,9999.0,123.76545632973503,204.68971428571427,228.20242424242423,9999,9999,9999
09/30/2014_24:00,443.85,186.95,135.34,9999.0,9999.0,9999.0,123.54465161923453,202.82258064516128,224.8909090909091,9999,9999,9999
10/31/2014_24:00,440.43,186.65,134.31,9999.0,9999.0,9999.0,123.32384690873404,203.57677419354837,220.0830660679923,9999,9999,9999
11/30/2014_24:00,438.41,183.91,135.25,9999.0,9999.0,9999.0,123.72031403336604,206.96,220.0535599743425,9999,9999,9999
12/31/2014_24:00,445.25,185.36,135.17,9999.0,9999.0,9999.0,122.47356321839081,204.92857142857144,220.02148813341884,9999,9999,9999
01/31/2015_24:00,444.08,187.69,134.48,9999.0,9999.0,9999.0,122.39080459770115,203.72129032258064,220.04457985888388,9999,9999,9999
02/28/2015_24:00,449.9,185.67,134.0,9999.0,9999.0,9999.0,121.39540229885057,203.57677419354837,220.0535599743425,9999,9999,9999
03/31/2015_24:00,452.3,183.96,134.2,9999.0,9999.0,9999.0,123.65554465161921,203.24645161290323,220.06254008980113,9999,9999,9999
04/30/2015_24:00,453.94,180.33,134.77,9999.0,9999.0,9999.0,123.2394504416094,205.20800000000003,229.54386206896555,9999,9999,9999
05/31/2015_24:00,455.35,178.22,134.63,9999.0,9999.0,9999.0,122.42068965517242,204.72857142857146,228.01515151515153,9999,9999,9999
06/30/2015_24:00,455.89,176.21,134.42,9999.0,9999.0,9999.0,124.08930323846909,204.3691428571429,227.92545454545453,9999,9999,9999
07/31/2015_24:00,455.41,173.51,135.06,9999.0,9999.0,9999.0,122.49425287356321,204.17314285714286,227.91757575757575,9999,9999,9999
08/31/2015_24:00,449.95,171.68,133.54,9999.0,9999.0,9999.0,123.4612365063788,204.11314285714286,227.99878787878788,9999,9999,9999
09/30/2015_24:00,444.48,172.93,135.14,9999.0,9999.0,9999.0,122.39999999999999,203.6903225806452,224.66848484848484,9999,9999,9999
10/31/2015_24:00,439.58,181.51,134.6,9999.0,9999.0,9999.0,121.83908045977012,202.92903225806452,221.89334637964777,9999,9999,9999
11/30/2015_24:00,437.11,180.98,134.87,9999.0,9999.0,9999.0,122.33793103448276,205.5474285714286,221.18180039138943,9999,9999,9999
12/31/2015_24:00,438.9,177.94,134.76,9999.0,9999.0,9999.0,121.8206896551724,204.0,221.17945205479452,9999,9999,9999
01/31/2016_24:00,444.45,175.45,133.65,9999.0,9999.0,9999.0,122.18275862068965,203.88645161290322,222.57045009784736,9999,9999,9999
02/29/2016_24:00,447.08,176.79,131.74,9999.0,9999.0,9999.0,122.5448275862069,203.02967741935484,221.8385518590998,9999,9999,9999
03/31/2016_24:00,454.51,190.15,133.48,9999.0,9999.0,9999.0,122.37931034482759,203.63870967741934,226.17999999999998,9999,9999,9999
04/30/2016_24:00,460.21,203.78,134.23,9999.0,9999.0,9999.0,123.52600588812561,203.45096774193547,230.51544827586207,9999,9999,9999
05/31/2016_24:00,460.84,213.37,134.85,9999.0,9999.0,9999.0,122.88735632183908,204.26228571428572,227.97090909090906,9999,9999,9999
06/30/2016_24:00,458.87,221.18,134.06,9999.0,9999.0,9999.0,123.40628066732089,203.48387096774192,227.8890909090909,9999,9999,9999
07/31/2016_24:00,454.26,221.74,135.1,9999.0,9999.0,9999.0,123.68302257114817,204.58285714285716,227.83333333333334,9999,9999,9999
08/31/2016_24:00,448.03,219.09,134.7,9999.0,9999.0,9999.0,123.66339548577037,204.09314285714288,233.32201405152222,9999,9999,9999
09/30/2016_24:00,442.45,217.87,135.34,9999.0,9999.0,9999.0,123.73797841020608,204.8062857142857,233.90749414519905,9999,9999,9999
10/31/2016_24:00,439.85,216.12,133.08,9999.0,9999.0,9999.0,124.69774288518153,204.6217142857143,223.88395303326814,9999,9999,9999
11/30/2016_24:00,441.02,215.7,130.67,9999.0,9999.0,9999.0,123.37880274779194,205.16057142857142,223.05499021526418,9999,9999,9999
12/31/2016_24:00,442.5,216.62,132.88,9999.0,9999.0,9999.0,123.25907752698724,203.3716129032258,222.73796477495108,9999,9999,9999
01/31/2017_24:00,444.02,218.93,133.06,9999.0,9999.0,9999.0,123.63493621197253,207.159,229.2288275862069,9999,9999,9999
02/28/2017_24:00,449.51,225.17,132.95,9999.0,9999.0,9999.0,124.0107948969578,205.42400000000004,232.41724137931035,9999,9999,9999
03/31/2017_24:00,450.66,224.77,132.63,9999.0,9999.0,9999.0,121.83908045977012,205.00171428571429,231.12124137931033,9999,9999,9999
04/30/2017_24:00,462.91,216.98,134.3,9999.0,9999.0,9999.0,122.3287356321839,203.52451612903226,231.29448275862072,9999,9999,9999
05/31/2017_24:00,468.25,217.14,132.24,9999.0,9999.0,9999.0,122.06896551724137,204.58285714285716,235.26602316602316,9999,9999,9999
06/30/2017_24:00,466.73,225.78,132.82,9999.0,9999.0,9999.0,122.7632183908046,205.45485714285718,234.52741312741313,9999,9999,9999
07/31/2017_24:00,461.97,231.04,133.52,9999.0,9999.0,9999.0,123.71050049067712,204.4954285714286,235.69266409266407,9999,9999,9999
08/31/2017_24:00,454.1,228.41,134.09,9999.0,9999.0,9999.0,122.64827586206897,204.3497142857143,235.32239382239382,9999,9999,9999
09/30/2017_24:00,447.71,225.78,134.91,9999.0,9999.0,9999.0,124.02060843964671,203.31870967741935,231.53337931034483,9999,9999,9999
10/31/2017_24:00,442.32,220.43,131.37,9999.0,9999.0,9999.0,122.58620689655172,202.69677419354838,234.73783783783784,9999,9999,9999
11/30/2017_24:00,439.85,217.5,132.64,9999.0,9999.0,9999.0,123.6457311089303,205.32114285714286,234.04707259953162,9999,9999,9999
12/31/2017_24:00,441.34,218.57,132.98,9999.0,9999.0,9999.0,123.44357212953875,202.51290322580644,232.75901639344264,9999,9999,9999
01/31/2018_24:00,442.46,220.19,134.25,9999.0,9999.0,9999.0,123.8675171736997,204.10685714285717,231.98468965517242,9999,9999,9999
02/28/2018_24:00,443.54,220.26,133.08,9999.0,9999.0,9999.0,123.1844946025515,204.93257142857146,234.60926640926638,9999,9999,9999
03/31/2018_24:00,444.83,220.14,133.6,9999.0,9999.0,9999.0,124.02060843964671,204.76742857142858,235.74362934362932,9999,9999,9999
04/30/2018_24:00,455.67,227.28,133.06,9999.0,9999.0,9999.0,123.60843964671245,204.204,235.73088803088802,9999,9999,9999
05/31/2018_24:00,456.21,231.19,133.32,9999.0,9999.0,9999.0,122.62758620689654,205.40342857142858,235.64169884169883,9999,9999,9999
06/30/2018_24:00,452.45,231.5,132.54,9999.0,9999.0,9999.0,123.4710500490677,205.44457142857144,234.54478764478765,9999,9999,9999
07/31/2018_24:00,450.18,229.36,133.64,9999.0,9999.0,9999.0,123.1746810598626,207.2205,234.63243243243244,9999,9999,9999
08/31/2018_24:00,445.05,226.83,133.99,9999.0,9999.0,9999.0,122.2551724137931,206.39000000000001,235.28764478764478,9999,9999,9999
09/30/2018_24:00,440.93,227.4,133.9,9999.0,9999.0,9999.0,122.74252873563218,207.77700000000002,236.0745173745174,9999,9999,9999
10/31/2018_24:00,434.46,222.09,132.65,9999.0,9999.0,9999.0,122.9287356321839,203.90709677419352,235.97258687258687,9999,9999,9999
11/30/2018_24:00,433.35,218.67,133.9,9999.0,9999.0,9999.0,122.99999999999999,205.7634285714286,235.15868725868722,9999,9999,9999
12/31/2018_24:00,434.09,218.88,133.3,9999.0,9999.0,9999.0,122.82528735632184,203.65935483870967,233.84379391100705,9999,9999,9999
01/31/2019_24:00,441.98,220.71,134.06,9999.0,9999.0,9999.0,122.3287356321839,203.40129032258065,232.80585480093677,9999,9999,9999
02/28/2019_24:00,449.31,221.89,132.97,9999.0,9999.0,9999.0,123.49852796859666,205.79428571428573,232.9088992974239,9999,9999,9999
03/31/2019_24:00,448.07,220.46,132.59,9999.0,9999.0,9999.0,121.38620689655171,205.93828571428574,234.38992974238877,9999,9999,9999
04/30/2019_24:00,460.95,221.74,133.02,9999.0,9999.0,9999.0,122.82528735632184,205.96914285714288,234.26299765807966,9999,9999,9999
05/31/2019_24:00,470.56,223.28,133.18,9999.0,9999.0,9999.0,122.1103448275862,204.41771428571428,233.9327868852459,9999,9999,9999
06/30/2019_24:00,471.2,230.14,133.59,9999.0,9999.0,9999.0,122.62758620689654,204.23314285714287,235.1872586872587,9999,9999,9999
07/31/2019_24:00,465.68,232.09,134.0,9999.0,9999.0,9999.0,124.11874386653581,205.2594285714286,236.35444015444017,9999,9999,9999
08/31/2019_24:00,457.6,228.99,134.55,9999.0,9999.0,9999.0,122.81379310344829,205.34171428571432,235.03011583011582,9999,9999,9999
09/30/2019_24:00,449.95,226.42,133.1,9999.0,9999.0,9999.0,122.29655172413793,206.15,235.95984555984552,9999,9999,9999
10/31/2019_24:00,442.55,221.17,133.68,9999.0,9999.0,9999.0,123.10206084396467,205.23885714285717,236.53033333333335,9999,9999,9999
11/30/2019_24:00,438.83,218.71,133.94,9999.0,9999.0,9999.0,123.09224730127575,206.10000000000002,235.2057915057915,9999,9999,9999
12/31/2019_24:00,440.52,218.2,132.0,9999.0,9999.0,9999.0,123.38665358194307,204.71885714285713,234.56254826254826,9999,9999,9999
01/31/2020_24:00,440.92,218.01,132.06,9999.0,9999.0,9999.0,123.1746810598626,203.95870967741934,234.81969111969113,9999,9999,9999
02/29/2020_24:00,442.82,217.59,132.79,9999.0,9999.0,9999.0,123.4710500490677,205.71200000000002,233.41709601873538,9999,9999,9999
03/31/2020_24:00,443.13,215.11,133.78,9999.0,9999.0,9999.0,122.88735632183908,204.94228571428573,230.23406896551722,9999,9999,9999
04/30/2020_24:00,447.84,216.17,133.06,9999.0,9999.0,9999.0,123.21197252208046,204.4954285714286,229.50468965517243,9999,9999,9999
05/31/2020_24:00,450.94,217.33,133.77,9999.0,9999.0,9999.0,123.1746810598626,204.70914285714287,229.85006896551727,9999,9999,9999
06/30/2020_24:00,452.13,216.72,133.32,9999.0,9999.0,9999.0,123.44357212953875,205.03314285714288,229.5703448275862,9999,9999,9999
07/31/2020_24:00,451.4,215.66,133.9,9999.0,9999.0,9999.0,123.67320902845927,204.92285714285714,229.54937931034485,9999,9999,9999
08/31/2020_24:00,446.16,214.22,134.24,9999.0,9999.0,9999.0,123.57114818449459,205.856,231.34855172413793,9999,9999,9999
09/30/2020_24:00,439.24,213.37,133.48,9999.0,9999.0,9999.0,123.4612365063788,207.819,233.40679156908664,9999,9999,9999
10/31/2020_24:00,432.26,213.04,132.98,9999.0,9999.0,9999.0,123.8675171736997,204.6994285714286,221.5348336594912,9999,9999,9999
11/30/2020_24:00,431.16,212.38,132.99,9999.0,9999.0,9999.0,123.6457311089303,206.88,221.4315068493151,9999,9999,9999
12/31/2020_24:00,430.73,212.24,131.68,9999.0,9999.0,9999.0,123.36898920510303,204.43714285714287,223.56301369863013,9999,9999,9999
01/31/2021_24:00,432.46,211.53,130.77,9999.0,9999.0,9999.0,123.74779195289497,204.72857142857146,223.34540117416827,9999,9999,9999
02/28/2021_24:00,436.78,210.88,132.24,9999.0,9999.0,9999.0,124.36408243375858,206.76,222.4843444227006,9999,9999,9999
03/31/2021_24:00,440.06,209.71,132.54,9999.0,9999.0,9999.0,123.82041216879293,204.53428571428572,229.48427586206896,9999,9999,9999
04/30/2021_24:00,443.21,207.48,133.57,9999.0,9999.0,9999.0,122.37931034482759,205.74285714285713,229.62772413793104,9999,9999,9999
05/31/2021_24:00,448.42,203.53,133.39,9999.0,9999.0,9999.0,124.23650637880274,204.78685714285717,229.27241379310345,9999,9999,9999
06/30/2021_24:00,445.48,199.92,132.34,9999.0,9999.0,9999.0,123.80274779195288,205.29028571428574,228.84703448275863,9999,9999,9999
07/31/2021_24:00,441.09,197.91,134.18,9999.0,9999.0,9999.0,123.55348380765454,204.92285714285714,229.73475862068966,9999,9999,9999
08/31/2021_24:00,435.25,196.46,135.64,9999.0,9999.0,9999.0,123.0549558390579,205.096,229.87655172413793,9999,9999,9999
09/30/2021_24:00,430.91,196.09,135.76,9999.0,9999.0,9999.0,123.33169774288517,207.6825,229.83406896551725,9999,9999,9999
10/31/2021_24:00,432.4603225806452,196.4432258064516,135.3223076923077,9999,9999,9999,123.22178606476938,206.74,226.34121212121212,9999,9999,9999
11/30/2021_24:00,441.32166666666666,195.42482758620687,135.472,9999,9999,9999,121.87816091954022,204.204,225.2660606060606,9999,9999,9999
12/31/2021_24:00,444.6764516129032,194.35793103448276,134.71807692307692,9999,9999,9999,122.4528735632184,204.60228571428576,226.76909090909092,9999,9999,9999
01/31/2022_24:00,444.94387096774193,202.02193548387098,133.68806451612903,9999,9999,9999,122.7103448275862,205.6708571428572,228.03151515151515,9999,9999,9999
02/28/2022_24:00,445.5846428571429,206.9557142857143,133.81357142857144,9999,9999,9999,121.80229885057472,204.37885714285716,227.9787878787879,9999,9999,9999
03/31/2022_24:00,446.45580645161294,208.68354838709675,133.14032258064518,9999,9999,9999,123.48871442590774,204.81600000000003,227.29636363636365,9999,9999,9999
04/30/2022_24:00,450.89566666666667,206.19266666666667,134.52833333333334,9999,9999,9999,123.0549558390579,204.93257142857146,226.6878787878788,9999,9999,9999
05/31/2022_24:00,456.26161290322585,204.24645161290323,134.14129032258066,9999,9999,9999,123.31403336604512,204.86457142857142,227.24848484848485,9999,9999,9999
06/30/2022_24:00,457.975,204.572,133.55433333333335,9999,9999,9999,121.80229885057472,206.61,226.05696969696967,9999,9999,9999
07/31/2022_24:00,456.2009677419355,204.25225806451613,134.1974193548387,9999,9999,9999,123.0098135426889,204.12628571428573,226.93515151515152,9999,9999,9999
08/31/2022_24:00,450.74133333333333,202.82290322580647,133.92935483870968,9999,9999,9999,123.01766437684003,204.93257142857146,228.5430344827586,9999,9999,9999
09/30/2022_24:00,445.53566666666666,202.32000000000002,134.47233333333332,9999,9999,9999,122.60689655172413,208.41652173913042,225.7769696969697,9999,9999,9999
10/31/2022_24:00,441.51032258064515,201.90451612903226,134.06612903225806,9999,9999,9999,122.24597701149426,207.2625,220.25881975625398,9999,9999,9999
11/30/2022_24:00,438.813,203.02827586206897,134.21466666666666,9999,9999,9999,122.56551724137931,205.15657142857145,220.25881975625398,9999,9999,9999
12/31/2022_24:00,440.96806451612906,205.94827586206895,134.28193548387097,9999,9999,9999,122.91724137931035,205.17714285714288,226.79333333333332,9999,9999,9999
01/31/2023_24:00,450.35709677419356,218.95,133.49483870967742,9999,9999,9999,122.81379310344829,206.60000000000002,234.04519906323185,9999,9999,9999
02/28/2023_24:00,443.39035714285717,216.41285714285715,132.83464285714285,9999,9999,9999,123.49852796859666,204.96171428571427,234.292037470726,9999,9999,9999
03/31/2023_24:00,451.40258064516127,222.39266666666666,134.541935483871,9999,9999,9999,122.01839080459769,207.084,227.29030303030305,9999,9999,9999
04/30/2023_24:00,461.4026666666667,211.71099999999998,134.16033333333334,9999,9999,9999,122.37931034482759,207.37800000000001,230.82110344827586,9999,9999,9999
05/31/2023_24:00,470.97653846153844,203.94032258064516,135.11064516129034,9999,9999,9999,123.13935230618252,207.231,233.980093676815,9999,9999,9999
06/30/2023_24:00,471.54136363636366,222.40866666666668,134.111,9999,9999,9999,123.8773307163886,206.88,234.0536299765808,9999,9999,9999
07/31/2023_24:00,467.1241935483871,231.38034482758619,134.11806451612904,9999,9999,9999,123.43375858684983,206.89000000000001,234.2896955503513,9999,9999,9999
08/31/2023_24:00,458.2306451612903,228.64290322580646,133.50806451612902,9999,9999,9999,123.10991167811578,206.71,228.92813793103448,9999,9999,9999
09/30/2023_24:00,449.3433333333333,227.42733333333334,134.81413793103448,9999,9999,9999,123.2394504416094,206.78,230.42993103448276,9999,9999,9999
10/31/2023_24:00,445.02935483870965,225.68806451612903,133.60225806451612,9999,9999,9999,123.03729146221785,205.73257142857145,222.13600782778866,9999,9999,9999
11/30/2023_24:00,443.6356666666667,222.70733333333334,133.351,9999,9999,9999,123.60058881256131,205.1874285714286,220.379409878127,9999,9999,9999
12/31/2023_24:00,442.78483870967744,220.6874193548387,131.56193548387097,9999,9999,9999,123.42394504416094,205.90742857142857,223.07769080234834,9999,9999,9999
01/31/2024_24:00,442.4416129032258,220.87709677419357,133.02,9999,9999,9999,122.65977011494253,204.46628571428573,230.42055172413794,9999,9999,9999
02/29/2024_24:00,447.96827586206894,223.4592857142857,134.10586206896554,9999,9999,9999,122.6183908045977,205.59885714285718,234.796138996139,9999,9999,9999
03/31/2024_24:00,454.10677419354835,224.444,133.23096774193547,9999,9999,9999,123.41609421000979,205.36228571428575,234.72895752895752,9999,9999,9999
04/30/2024_24:00,466.48966666666666,228.75533333333334,134.06166666666667,9999,9999,9999,123.11972522080471,205.0434285714286,235.36177606177608,9999,9999,9999
05/31/2024_24:00,471.462,230.8567741935484,132.92806451612904,9999,9999,9999,124.51128557409224,207.24150000000003,234.77220077220076,9999,9999,9999
06/30/2024_24:00,470.37466666666666,232.24366666666668,134.35533333333333,9999,9999,9999,123.70068694798823,204.50514285714286,233.95620608899299,9999,9999,9999
07/31/2024_24:00,464.01129032258063,230.7874193548387,134.4448387096774,9999,9999,9999,123.02747791952895,204.43714285714287,234.78725868725869,9999,9999,9999
08/31/2024_24:00,455.7812903225806,229.1841935483871,134.51645161290324,9999,9999,9999,122.22528735632184,204.86457142857142,234.6915057915058,9999,9999,9999
09/30/2024_24:00,446.79766666666666,228.08066666666667,134.64137931034483,9999,9999,9999,124.29538763493622,207.63,235.07451737451737,9999,9999,9999
10/31/2024_24:00,439.3438709677419,225.46870967741935,133.88483870967744,9999,9999,9999,123.72031403336604,204.0194285714286,233.388056206089,9999,9999,9999
11/30/2024_24:00,440.2296666666667,222.13866666666667,134.238,9999,9999,9999,123.02747791952895,205.24914285714289,232.18275862068967,9999,9999,9999
12/31/2024_24:00,444.62193548387097,219.82833333333335,133.6467741935484,9999,9999,9999,123.4710500490677,204.05828571428574,232.1728275862069,9999,9999,9999
01/31/2025_24:00,444.12870967741935,219.48612903225805,133.49129032258062,9999,9999,9999,122.34942528735633,205.07428571428574,233.17213114754094,9999,9999,9999
02/28/2025_24:00,449.67357142857145,219.84857142857143,131.54285714285714,9999,9999,9999,122.89655172413794,204.83542857142857,234.084074941452,9999,9999,9999
03/31/2025_24:00,454.3848387096774,221.8351612903226,132.93967741935484,9999,9999,9999,122.64827586206897,205.0434285714286,233.72997658079623,9999,9999,9999
