STATION_ID,DURATION,SENSOR_NUMBER,SENSOR_TYPE,DATE TIME,OBS DATE,VALUE,DATA_FLAG,UNITS,Datetime
TLC,M,15,STORAGE,19551001 0000,19551031 0000,4310.0,,AF,1955-10-01
TLC,M,15,STORAGE,19551101 0000,19551130 0000,16300.0,,AF,1955-11-01
TLC,M,15,STORAGE,19551201 0000,19551231 0000,31000.0,,AF,1955-12-01
TLC,M,15,STORAGE,19560101 0000,19560131 0000,32190.0,,AF,1956-01-01
TLC,M,15,STORAGE,19560201 0000,19560229 0000,29800.0,,AF,1956-02-01
TLC,M,15,STORAGE,19560301 0000,19560331 0000,33280.0,,AF,1956-03-01
TLC,M,15,STORAGE,19560401 0000,19560430 0000,40080.0,,AF,1956-04-01
TLC,M,15,STORAGE,19560501 0000,19560531 0000,42330.0,,AF,1956-05-01
TLC,M,15,STORAGE,19560601 0000,19560630 0000,43000.0,,AF,1956-06-01
TLC,M,15,STORAGE,19560801 0000,19560831 0000,31000.0,,AF,1956-08-01
TLC,M,15,STORAGE,19560901 0000,19560930 0000,22780.0,,AF,1956-09-01
TLC,M,15,STORAGE,19561001 0000,19561031 0000,11000.0,,AF,1956-10-01
TLC,M,15,STORAGE,19561101 0000,19561130 0000,29000.0,,AF,1956-11-01
TLC,M,15,STORAGE,19561201 0000,19561231 0000,30000.0,,AF,1956-12-01
TLC,M,15,STORAGE,19570101 0000,19570131 0000,35600.0,,AF,1957-01-01
TLC,M,15,STORAGE,19570201 0000,19570301 0000,42000.0,,AF,1957-02-01
TLC,M,15,STORAGE,19570301 0000,19570331 0000,35500.0,,AF,1957-03-01
TLC,M,15,STORAGE,19570401 0000,19570430 0000,43620.0,,AF,1957-04-01
TLC,M,15,STORAGE,19570601 0000,19570630 0000,37000.0,,AF,1957-06-01
TLC,M,15,STORAGE,19570701 0000,19570731 0000,30840.0,,AF,1957-07-01
TLC,M,15,STORAGE,19570801 0000,19570729 0000,25100.0,,AF,1957-08-01
TLC,M,15,STORAGE,19570901 0000,19570930 0000,23760.0,,AF,1957-09-01
TLC,M,15,STORAGE,19571001 0000,19571031 0000,16300.0,,AF,1957-10-01
TLC,M,15,STORAGE,19571101 0000,19571130 0000,14920.0,,AF,1957-11-01
TLC,M,15,STORAGE,19571201 0000,19571231 0000,13900.0,,AF,1957-12-01
TLC,M,15,STORAGE,19580101 0000,19580131 0000,29000.0,,AF,1958-01-01
TLC,M,15,STORAGE,19580201 0000,19580301 0000,37000.0,,AF,1958-02-01
TLC,M,15,STORAGE,19580301 0000,19580331 0000,37600.0,,AF,1958-03-01
TLC,M,15,STORAGE,19580401 0000,19580430 0000,37900.0,,AF,1958-04-01
TLC,M,15,STORAGE,19580501 0000,19580531 0000,42650.0,,AF,1958-05-01
TLC,M,15,STORAGE,19580701 0000,19580731 0000,33560.0,,AF,1958-07-01
TLC,M,15,STORAGE,19580801 0000,19580831 0000,15270.0,,AF,1958-08-01
TLC,M,15,STORAGE,19580901 0000,19580930 0000,18720.0,,AF,1958-09-01
TLC,M,15,STORAGE,19581001 0000,19581031 0000,29060.0,,AF,1958-10-01
TLC,M,15,STORAGE,19581101 0000,19581130 0000,26710.0,,AF,1958-11-01
TLC,M,15,STORAGE,19581201 0000,19581231 0000,35520.0,,AF,1958-12-01
TLC,M,15,STORAGE,19590101 0000,19590131 0000,34400.0,,AF,1959-01-01
TLC,M,15,STORAGE,19590201 0000,19590301 0000,34960.0,,AF,1959-02-01
TLC,M,15,STORAGE,19590301 0000,19590331 0000,37000.0,,AF,1959-03-01
TLC,M,15,STORAGE,19590401 0000,19590430 0000,42320.0,,AF,1959-04-01
TLC,M,15,STORAGE,19590501 0000,19590531 0000,41360.0,,AF,1959-05-01
TLC,M,15,STORAGE,19590601 0000,19590630 0000,34680.0,,AF,1959-06-01
TLC,M,15,STORAGE,19590701 0000,19590731 0000,13570.0,,AF,1959-07-01
TLC,M,15,STORAGE,19590801 0000,19590831 0000,13740.0,,AF,1959-08-01
TLC,M,15,STORAGE,19590901 0000,19590930 0000,11760.0,,AF,1959-09-01
TLC,M,15,STORAGE,19591001 0000,19591031 0000,20170.0,,AF,1959-10-01
TLC,M,15,STORAGE,19591101 0000,19591130 0000,30050.0,,AF,1959-11-01
TLC,M,15,STORAGE,19591201 0000,19591231 0000,33290.0,,AF,1959-12-01
TLC,M,15,STORAGE,19600101 0000,19600131 0000,31110.0,,AF,1960-01-01
TLC,M,15,STORAGE,19600201 0000,19600229 0000,30540.0,,AF,1960-02-01
TLC,M,15,STORAGE,19600301 0000,19600331 0000,36420.0,,AF,1960-03-01
TLC,M,15,STORAGE,19600401 0000,19600430 0000,37600.0,,AF,1960-04-01
TLC,M,15,STORAGE,19600501 0000,19600531 0000,27820.0,,AF,1960-05-01
TLC,M,15,STORAGE,19600601 0000,19600630 0000,27820.0,,AF,1960-06-01
TLC,M,15,STORAGE,19600701 0000,19600731 0000,19980.0,,AF,1960-07-01
TLC,M,15,STORAGE,19600801 0000,19600831 0000,10650.0,,AF,1960-08-01
TLC,M,15,STORAGE,19600901 0000,19600930 0000,4030.0,,AF,1960-09-01
TLC,M,15,STORAGE,19601001 0000,19601031 0000,14580.0,,AF,1960-10-01
TLC,M,15,STORAGE,19601101 0000,19601130 0000,23360.0,,AF,1960-11-01
TLC,M,15,STORAGE,19601201 0000,19601231 0000,31100.0,,AF,1960-12-01
TLC,M,15,STORAGE,19610101 0000,19610131 0000,37000.0,,AF,1961-01-01
TLC,M,15,STORAGE,19610201 0000,19610301 0000,34680.0,,AF,1961-02-01
TLC,M,15,STORAGE,19610401 0000,19610430 0000,34680.0,,AF,1961-04-01
TLC,M,15,STORAGE,19610501 0000,19610531 0000,33560.0,,AF,1961-05-01
TLC,M,15,STORAGE,19610601 0000,19610630 0000,27820.0,,AF,1961-06-01
TLC,M,15,STORAGE,19610701 0000,19610731 0000,14410.0,,AF,1961-07-01
TLC,M,15,STORAGE,19610801 0000,19610831 0000,7540.0,,AF,1961-08-01
TLC,M,15,STORAGE,19610901 0000,19610930 0000,6240.0,,AF,1961-09-01
TLC,M,15,STORAGE,19611001 0000,19611031 0000,4590.0,,AF,1961-10-01
TLC,M,15,STORAGE,19611201 0000,19611231 0000,11770.0,,AF,1961-12-01
TLC,M,15,STORAGE,19620101 0000,19620131 0000,21270.0,,AF,1962-01-01
TLC,M,15,STORAGE,19620201 0000,19620301 0000,25600.0,,AF,1962-02-01
TLC,M,15,STORAGE,19620301 0000,19620331 0000,30050.0,,AF,1962-03-01
TLC,M,15,STORAGE,19620401 0000,19620430 0000,23760.0,,AF,1962-04-01
TLC,M,15,STORAGE,19620601 0000,19620630 0000,33000.0,,AF,1962-06-01
TLC,M,15,STORAGE,19620701 0000,19620731 0000,18900.0,,AF,1962-07-01
TLC,M,15,STORAGE,19620801 0000,19620831 0000,17150.0,,AF,1962-08-01
TLC,M,15,STORAGE,19620901 0000,19620930 0000,7950.0,,AF,1962-09-01
TLC,M,15,STORAGE,19621001 0000,19621031 0000,15270.0,,AF,1962-10-01
TLC,M,15,STORAGE,19621101 0000,19621130 0000,34960.0,,AF,1962-11-01
TLC,M,15,STORAGE,19621201 0000,19621231 0000,38200.0,,AF,1962-12-01
TLC,M,15,STORAGE,19630101 0000,19630131 0000,38800.0,,AF,1963-01-01
TLC,M,15,STORAGE,19630201 0000,19630301 0000,37900.0,,AF,1963-02-01
TLC,M,15,STORAGE,19630301 0000,19630331 0000,44600.0,,AF,1963-03-01
TLC,M,15,STORAGE,19630601 0000,19630630 0000,44600.0,,AF,1963-06-01
TLC,M,15,STORAGE,19630701 0000,19630731 0000,34120.0,,AF,1963-07-01
TLC,M,15,STORAGE,19630801 0000,19630831 0000,25190.0,,AF,1963-08-01
TLC,M,15,STORAGE,19630901 0000,19630930 0000,11440.0,,AF,1963-09-01
TLC,M,15,STORAGE,19631001 0000,19631031 0000,18720.0,,AF,1963-10-01
TLC,M,15,STORAGE,19631101 0000,19631130 0000,33560.0,,AF,1963-11-01
TLC,M,15,STORAGE,19631201 0000,19631231 0000,32190.0,,AF,1963-12-01
TLC,M,15,STORAGE,19640101 0000,19640131 0000,31380.0,,AF,1964-01-01
TLC,M,15,STORAGE,19640201 0000,19640229 0000,36700.0,,AF,1964-02-01
TLC,M,15,STORAGE,19640301 0000,19640331 0000,28560.0,,AF,1964-03-01
TLC,M,15,STORAGE,19640401 0000,19640430 0000,37000.0,,AF,1964-04-01
TLC,M,15,STORAGE,19640501 0000,19640531 0000,39120.0,,AF,1964-05-01
TLC,M,15,STORAGE,19640601 0000,19640630 0000,28320.0,,AF,1964-06-01
TLC,M,15,STORAGE,19640701 0000,19640731 0000,21830.0,,AF,1964-07-01
TLC,M,15,STORAGE,19640801 0000,19640831 0000,18180.0,,AF,1964-08-01
TLC,M,15,STORAGE,19640901 0000,19640930 0000,17830.0,,AF,1964-09-01
TLC,M,15,STORAGE,19641001 0000,19641031 0000,25400.0,,AF,1964-10-01
TLC,M,15,STORAGE,19641101 0000,19641130 0000,31650.0,,AF,1964-11-01
TLC,M,15,STORAGE,19641201 0000,19641231 0000,35520.0,,AF,1964-12-01
TLC,M,15,STORAGE,19650101 0000,19650131 0000,34960.0,,AF,1965-01-01
TLC,M,15,STORAGE,19650201 0000,19650301 0000,33000.0,,AF,1965-02-01
TLC,M,15,STORAGE,19650301 0000,19650331 0000,37900.0,,AF,1965-03-01
TLC,M,15,STORAGE,19650401 0000,19650430 0000,41040.0,,AF,1965-04-01
TLC,M,15,STORAGE,19650501 0000,19650531 0000,43620.0,,AF,1965-05-01
TLC,M,15,STORAGE,19650701 0000,19650731 0000,29560.0,,AF,1965-07-01
TLC,M,15,STORAGE,19650801 0000,19650831 0000,23760.0,,AF,1965-08-01
TLC,M,15,STORAGE,19650901 0000,19650930 0000,42000.0,,AF,1965-09-01
TLC,M,15,STORAGE,19651001 0000,19651031 0000,31380.0,,AF,1965-10-01
TLC,M,15,STORAGE,19651101 0000,19651130 0000,31920.0,,AF,1965-11-01
TLC,M,15,STORAGE,19651201 0000,19651231 0000,32190.0,,AF,1965-12-01
TLC,M,15,STORAGE,19660101 0000,19660131 0000,31650.0,,AF,1966-01-01
TLC,M,15,STORAGE,19660201 0000,19660301 0000,29800.0,,AF,1966-02-01
TLC,M,15,STORAGE,19660301 0000,19660331 0000,25820.0,,AF,1966-03-01
TLC,M,15,STORAGE,19660401 0000,19660430 0000,34400.0,,AF,1966-04-01
TLC,M,15,STORAGE,19660501 0000,19660531 0000,42980.0,,AF,1966-05-01
TLC,M,15,STORAGE,19660601 0000,19660630 0000,42980.0,,AF,1966-06-01
TLC,M,15,STORAGE,19660701 0000,19660731 0000,15960.0,,AF,1966-07-01
TLC,M,15,STORAGE,19660801 0000,19660831 0000,13240.0,,AF,1966-08-01
TLC,M,15,STORAGE,19660901 0000,19660930 0000,9260.0,,AF,1966-09-01
TLC,M,15,STORAGE,19661001 0000,19661031 0000,11770.0,,AF,1966-10-01
TLC,M,15,STORAGE,19661101 0000,19661130 0000,37000.0,,AF,1966-11-01
TLC,M,15,STORAGE,19661201 0000,19661231 0000,41680.0,,AF,1966-12-01
TLC,M,15,STORAGE,19670101 0000,19670131 0000,41680.0,,AF,1967-01-01
TLC,M,15,STORAGE,19670201 0000,19670301 0000,41040.0,,AF,1967-02-01
TLC,M,15,STORAGE,19670301 0000,19670331 0000,40720.0,,AF,1967-03-01
TLC,M,15,STORAGE,19670401 0000,19670430 0000,44280.0,,AF,1967-04-01
TLC,M,15,STORAGE,19670501 0000,19670531 0000,34120.0,,AF,1967-05-01
TLC,M,15,STORAGE,19670601 0000,19670630 0000,39440.0,,AF,1967-06-01
TLC,M,15,STORAGE,19670701 0000,19670731 0000,36100.0,,AF,1967-07-01
TLC,M,15,STORAGE,19670901 0000,19670930 0000,34400.0,,AF,1967-09-01
TLC,M,15,STORAGE,19671001 0000,19671031 0000,37300.0,,AF,1967-10-01
TLC,M,15,STORAGE,19671101 0000,19671130 0000,33840.0,,AF,1967-11-01
TLC,M,15,STORAGE,19671201 0000,19671231 0000,31110.0,,AF,1967-12-01
TLC,M,15,STORAGE,19680101 0000,19680131 0000,29310.0,,AF,1968-01-01
TLC,M,15,STORAGE,19680201 0000,19680229 0000,40400.0,,AF,1968-02-01
TLC,M,15,STORAGE,19680301 0000,19680331 0000,37300.0,,AF,1968-03-01
TLC,M,15,STORAGE,19680401 0000,19680430 0000,27820.0,,AF,1968-04-01
TLC,M,15,STORAGE,19680501 0000,19680531 0000,41040.0,,AF,1968-05-01
TLC,M,15,STORAGE,19680601 0000,19680630 0000,33560.0,,AF,1968-06-01
TLC,M,15,STORAGE,19680701 0000,19680731 0000,9860.0,,AF,1968-07-01
TLC,M,15,STORAGE,19680801 0000,19680831 0000,13570.0,,AF,1968-08-01
TLC,M,15,STORAGE,19680901 0000,19680930 0000,4690.0,,AF,1968-09-01
TLC,M,15,STORAGE,19681001 0000,19681031 0000,26710.0,,AF,1968-10-01
TLC,M,15,STORAGE,19681101 0000,19681130 0000,37900.0,,AF,1968-11-01
TLC,M,15,STORAGE,19681201 0000,19681231 0000,41360.0,,AF,1968-12-01
TLC,M,15,STORAGE,19690201 0000,19690301 0000,42000.0,,AF,1969-02-01
TLC,M,15,STORAGE,19690301 0000,19690331 0000,35520.0,,AF,1969-03-01
TLC,M,15,STORAGE,19690401 0000,19690430 0000,36400.0,,AF,1969-04-01
TLC,M,15,STORAGE,19690501 0000,19690531 0000,42320.0,,AF,1969-05-01
TLC,M,15,STORAGE,19690601 0000,19690630 0000,40400.0,,AF,1969-06-01
TLC,M,15,STORAGE,19690701 0000,19690731 0000,33000.0,,AF,1969-07-01
TLC,M,15,STORAGE,19690801 0000,19690831 0000,19080.0,,AF,1969-08-01
TLC,M,15,STORAGE,19690901 0000,19690930 0000,41360.0,,AF,1969-09-01
TLC,M,15,STORAGE,19691001 0000,19691031 0000,18180.0,,AF,1969-10-01
TLC,M,15,STORAGE,19691201 0000,19691231 0000,31650.0,,AF,1969-12-01
TLC,M,15,STORAGE,19700101 0000,19700131 0000,34960.0,,AF,1970-01-01
TLC,M,15,STORAGE,19700201 0000,19700301 0000,32730.0,,AF,1970-02-01
TLC,M,15,STORAGE,19700301 0000,19700331 0000,28810.0,,AF,1970-03-01
TLC,M,15,STORAGE,19700401 0000,19700430 0000,41360.0,,AF,1970-04-01
TLC,M,15,STORAGE,19700501 0000,19700531 0000,42000.0,,AF,1970-05-01
TLC,M,15,STORAGE,19700601 0000,19700630 0000,44600.0,,AF,1970-06-01
TLC,M,15,STORAGE,19700701 0000,19700731 0000,23550.0,,AF,1970-07-01
TLC,M,15,STORAGE,19700801 0000,19700831 0000,24800.0,,AF,1970-08-01
TLC,M,15,STORAGE,19700901 0000,19700901 0000,15960.0,,AF,1970-09-01
TLC,M,15,STORAGE,19701001 0000,19701031 0000,11280.0,,AF,1970-10-01
TLC,M,15,STORAGE,19701101 0000,19701130 0000,10330.0,,AF,1970-11-01
TLC,M,15,STORAGE,19701201 0000,19701231 0000,10020.0,,AF,1970-12-01
TLC,M,15,STORAGE,19710101 0000,19710131 0000,33290.0,,AF,1971-01-01
TLC,M,15,STORAGE,19710201 0000,19710301 0000,34400.0,,AF,1971-02-01
TLC,M,15,STORAGE,19710301 0000,19710331 0000,40080.0,,AF,1971-03-01
TLC,M,15,STORAGE,19710401 0000,19710430 0000,26490.0,,AF,1971-04-01
TLC,M,15,STORAGE,19710501 0000,19710531 0000,34120.0,,AF,1971-05-01
TLC,M,15,STORAGE,19710601 0000,19710630 0000,22210.0,,AF,1971-06-01
TLC,M,15,STORAGE,19710701 0000,19710731 0000,22780.0,,AF,1971-07-01
TLC,M,15,STORAGE,19710801 0000,19710831 0000,18360.0,,AF,1971-08-01
TLC,M,15,STORAGE,19710901 0000,19710930 0000,9400.0,,AF,1971-09-01
TLC,M,15,STORAGE,19711001 0000,19711031 0000,26490.0,,AF,1971-10-01
TLC,M,15,STORAGE,19711101 0000,19711130 0000,28070.0,,AF,1971-11-01
TLC,M,15,STORAGE,19711201 0000,19711231 0000,25240.0,,AF,1971-12-01
TLC,M,15,STORAGE,19720101 0000,19720131 0000,33840.0,,AF,1972-01-01
TLC,M,15,STORAGE,19720201 0000,19720229 0000,30840.0,,AF,1972-02-01
TLC,M,15,STORAGE,19720301 0000,19720331 0000,18360.0,,AF,1972-03-01
TLC,M,15,STORAGE,19720401 0000,19720430 0000,21080.0,,AF,1972-04-01
TLC,M,15,STORAGE,19720501 0000,19720531 0000,16640.0,,AF,1972-05-01
TLC,M,15,STORAGE,19720601 0000,19720630 0000,16840.0,,AF,1972-06-01
TLC,M,15,STORAGE,19720701 0000,19720731 0000,16840.0,,AF,1972-07-01
TLC,M,15,STORAGE,19720801 0000,19720831 0000,13070.0,,AF,1972-08-01
TLC,M,15,STORAGE,19720901 0000,19720930 0000,11120.0,,AF,1972-09-01
TLC,M,15,STORAGE,19721001 0000,19721031 0000,24780.0,,AF,1972-10-01
TLC,M,15,STORAGE,19721101 0000,19721130 0000,32730.0,,AF,1972-11-01
TLC,M,15,STORAGE,19721201 0000,19721231 0000,27820.0,,AF,1972-12-01
TLC,M,15,STORAGE,19730101 0000,19730131 0000,31380.0,,AF,1973-01-01
TLC,M,15,STORAGE,19730201 0000,19730301 0000,33560.0,,AF,1973-02-01
TLC,M,15,STORAGE,19730301 0000,19730331 0000,30840.0,,AF,1973-03-01
TLC,M,15,STORAGE,19730401 0000,19730430 0000,11440.0,,AF,1973-04-01
TLC,M,15,STORAGE,19730501 0000,19730531 0000,15100.0,,AF,1973-05-01
TLC,M,15,STORAGE,19730601 0000,19730630 0000,19620.0,,AF,1973-06-01
TLC,M,15,STORAGE,19730701 0000,19730731 0000,29060.0,,AF,1973-07-01
TLC,M,15,STORAGE,19730801 0000,19730831 0000,20900.0,,AF,1973-08-01
TLC,M,15,STORAGE,19730901 0000,19730930 0000,28560.0,,AF,1973-09-01
TLC,M,15,STORAGE,19731001 0000,19731031 0000,24370.0,,AF,1973-10-01
TLC,M,15,STORAGE,19731101 0000,19731130 0000,24370.0,,AF,1973-11-01
TLC,M,15,STORAGE,19731201 0000,19731231 0000,34400.0,,AF,1973-12-01
TLC,M,15,STORAGE,19740101 0000,19740131 0000,29560.0,,AF,1974-01-01
TLC,M,15,STORAGE,19740201 0000,19740301 0000,31650.0,,AF,1974-02-01
TLC,M,15,STORAGE,19740301 0000,19740331 0000,22210.0,,AF,1974-03-01
TLC,M,15,STORAGE,19740401 0000,19740430 0000,24780.0,,AF,1974-04-01
TLC,M,15,STORAGE,19740501 0000,19740531 0000,28810.0,,AF,1974-05-01
TLC,M,15,STORAGE,19740601 0000,19740630 0000,26270.0,,AF,1974-06-01
TLC,M,15,STORAGE,19740701 0000,19740731 0000,29800.0,,AF,1974-07-01
TLC,M,15,STORAGE,19740801 0000,19740831 0000,21830.0,,AF,1974-08-01
TLC,M,15,STORAGE,19740901 0000,19740930 0000,22590.0,,AF,1974-09-01
TLC,M,15,STORAGE,19741001 0000,19741031 0000,10810.0,,AF,1974-10-01
TLC,M,15,STORAGE,19741101 0000,19741130 0000,16300.0,,AF,1974-11-01
TLC,M,15,STORAGE,19741201 0000,19741231 0000,36700.0,,AF,1974-12-01
TLC,M,15,STORAGE,19750101 0000,19750131 0000,35520.0,,AF,1975-01-01
TLC,M,15,STORAGE,19750201 0000,19750301 0000,35800.0,,AF,1975-02-01
TLC,M,15,STORAGE,19750301 0000,19750331 0000,30840.0,,AF,1975-03-01
TLC,M,15,STORAGE,19750401 0000,19750430 0000,26710.0,,AF,1975-04-01
TLC,M,15,STORAGE,19750501 0000,19750531 0000,24170.0,,AF,1975-05-01
TLC,M,15,STORAGE,19750601 0000,19750630 0000,31920.0,,AF,1975-06-01
TLC,M,15,STORAGE,19750701 0000,19750731 0000,36700.0,,AF,1975-07-01
TLC,M,15,STORAGE,19750801 0000,19750831 0000,23960.0,,AF,1975-08-01
TLC,M,15,STORAGE,19750901 0000,19750930 0000,17150.0,,AF,1975-09-01
TLC,M,15,STORAGE,19751001 0000,19751031 0000,9110.0,,AF,1975-10-01
TLC,M,15,STORAGE,19751101 0000,19751130 0000,22210.0,,AF,1975-11-01
TLC,M,15,STORAGE,19751201 0000,19751231 0000,17660.0,,AF,1975-12-01
TLC,M,15,STORAGE,19760101 0000,19760131 0000,17490.0,,AF,1976-01-01
TLC,M,15,STORAGE,19760201 0000,19760229 0000,29060.0,,AF,1976-02-01
TLC,M,15,STORAGE,19760301 0000,19760331 0000,8220.0,,AF,1976-03-01
TLC,M,15,STORAGE,19760401 0000,19760430 0000,26040.0,,AF,1976-04-01
TLC,M,15,STORAGE,19760501 0000,19760531 0000,16470.0,,AF,1976-05-01
TLC,M,15,STORAGE,19760601 0000,19760630 0000,28070.0,,AF,1976-06-01
TLC,M,15,STORAGE,19760701 0000,19760731 0000,17830.0,,AF,1976-07-01
TLC,M,15,STORAGE,19760801 0000,19760831 0000,26930.0,,AF,1976-08-01
TLC,M,15,STORAGE,19760901 0000,19760930 0000,11120.0,,AF,1976-09-01
TLC,M,15,STORAGE,19761001 0000,19761031 0000,17660.0,,AF,1976-10-01
TLC,M,15,STORAGE,19761101 0000,19761130 0000,25600.0,,AF,1976-11-01
TLC,M,15,STORAGE,19761201 0000,19761231 0000,23550.0,,AF,1976-12-01
TLC,M,15,STORAGE,19770101 0000,19770131 0000,31650.0,,AF,1977-01-01
TLC,M,15,STORAGE,19770201 0000,19770301 0000,29800.0,,AF,1977-02-01
TLC,M,15,STORAGE,19770301 0000,19770331 0000,20530.0,,AF,1977-03-01
TLC,M,15,STORAGE,19770401 0000,19770430 0000,22020.0,,AF,1977-04-01
TLC,M,15,STORAGE,19770501 0000,19770531 0000,12250.0,,AF,1977-05-01
TLC,M,15,STORAGE,19770601 0000,19770630 0000,13070.0,,AF,1977-06-01
TLC,M,15,STORAGE,19770701 0000,19770731 0000,9260.0,,AF,1977-07-01
TLC,M,15,STORAGE,19770801 0000,19770831 0000,8220.0,,AF,1977-08-01
TLC,M,15,STORAGE,19770901 0000,19770930 0000,5520.0,,AF,1977-09-01
TLC,M,15,STORAGE,19780101 0000,19780131 0000,27940.0,,AF,1978-01-01
TLC,M,15,STORAGE,19780201 0000,19780301 0000,20900.0,,AF,1978-02-01
TLC,M,15,STORAGE,19780301 0000,19780331 0000,31110.0,,AF,1978-03-01
TLC,M,15,STORAGE,19780401 0000,19780430 0000,35000.0,,AF,1978-04-01
TLC,M,15,STORAGE,19780501 0000,19780531 0000,44600.0,,AF,1978-05-01
TLC,M,15,STORAGE,19780601 0000,19780630 0000,21830.0,,AF,1978-06-01
TLC,M,15,STORAGE,19780701 0000,19780731 0000,19980.0,,AF,1978-07-01
TLC,M,15,STORAGE,19780801 0000,19780831 0000,34370.0,,AF,1978-08-01
TLC,M,15,STORAGE,19780901 0000,19780930 0000,18900.0,,AF,1978-09-01
TLC,M,15,STORAGE,19781001 0000,19781031 0000,5210.0,,AF,1978-10-01
TLC,M,15,STORAGE,19781101 0000,19781130 0000,14580.0,,AF,1978-11-01
TLC,M,15,STORAGE,19781201 0000,19781231 0000,25820.0,,AF,1978-12-01
TLC,M,15,STORAGE,19790101 0000,19790131 0000,27150.0,,AF,1979-01-01
TLC,M,15,STORAGE,19790201 0000,19790301 0000,28560.0,,AF,1979-02-01
TLC,M,15,STORAGE,19790301 0000,19790331 0000,22780.0,,AF,1979-03-01
TLC,M,15,STORAGE,19790401 0000,19790430 0000,23360.0,,AF,1979-04-01
TLC,M,15,STORAGE,19790501 0000,19790531 0000,22590.0,,AF,1979-05-01
TLC,M,15,STORAGE,19790601 0000,19790630 0000,24160.0,,AF,1979-06-01
TLC,M,15,STORAGE,19790701 0000,19790731 0000,24370.0,,AF,1979-07-01
TLC,M,15,STORAGE,19790801 0000,19790831 0000,22020.0,,AF,1979-08-01
TLC,M,15,STORAGE,19790901 0000,19790930 0000,9860.0,,AF,1979-09-01
TLC,M,15,STORAGE,19791001 0000,19791031 0000,4120.0,,AF,1979-10-01
TLC,M,15,STORAGE,19800101 0000,19800131 0000,7000.0,,AF,1980-01-01
TLC,M,15,STORAGE,19800201 0000,19800229 0000,6120.0,,AF,1980-02-01
TLC,M,15,STORAGE,19800301 0000,19800229 0000,18900.0,,AF,1980-03-01
TLC,M,15,STORAGE,19800401 0000,19800331 0000,26490.0,,AF,1980-04-01
TLC,M,15,STORAGE,19800501 0000,19800531 0000,27600.0,,AF,1980-05-01
TLC,M,15,STORAGE,19800601 0000,19800630 0000,27150.0,,AF,1980-06-01
TLC,M,15,STORAGE,19800701 0000,19800731 0000,38800.0,,AF,1980-07-01
TLC,M,15,STORAGE,19800801 0000,19800831 0000,41040.0,,AF,1980-08-01
TLC,M,15,STORAGE,19800901 0000,19800930 0000,40080.0,,AF,1980-09-01
TLC,M,15,STORAGE,19801001 0000,19801031 0000,8670.0,,AF,1980-10-01
TLC,M,15,STORAGE,19801101 0000,19801031 0000,14920.0,,AF,1980-11-01
TLC,M,15,STORAGE,19801201 0000,19801130 0000,25190.0,,AF,1980-12-01
TLC,M,15,STORAGE,19810101 0000,19810131 0000,20720.0,,AF,1981-01-01
TLC,M,15,STORAGE,19810201 0000,19810301 0000,20350.0,,AF,1981-02-01
TLC,M,15,STORAGE,19810301 0000,19810331 0000,37600.0,,AF,1981-03-01
TLC,M,15,STORAGE,19810401 0000,19810430 0000,35800.0,,AF,1981-04-01
TLC,M,15,STORAGE,19810501 0000,19810531 0000,37900.0,,AF,1981-05-01
TLC,M,15,STORAGE,19810601 0000,19810601 0000,42320.0,,AF,1981-06-01
TLC,M,15,STORAGE,19810701 0000,19810731 0000,38500.0,,AF,1981-07-01
TLC,M,15,STORAGE,19810801 0000,19810801 0000,36400.0,,AF,1981-08-01
TLC,M,15,STORAGE,19810901 0000,19810930 0000,32190.0,,AF,1981-09-01
TLC,M,15,STORAGE,19811001 0000,19811031 0000,20900.0,,AF,1981-10-01
TLC,M,15,STORAGE,19811101 0000,19811101 0000,24990.0,,AF,1981-11-01
TLC,M,15,STORAGE,19811201 0000,19811231 0000,29800.0,,AF,1981-12-01
TLC,M,15,STORAGE,19820101 0000,19820131 0000,29560.0,,AF,1982-01-01
TLC,M,15,STORAGE,19820201 0000,19820301 0000,30300.0,,AF,1982-02-01
TLC,M,15,STORAGE,19820301 0000,19820331 0000,25820.0,,AF,1982-03-01
TLC,M,15,STORAGE,19820401 0000,19820430 0000,37000.0,,AF,1982-04-01
TLC,M,15,STORAGE,19820501 0000,19820531 0000,36700.0,,AF,1982-05-01
TLC,M,15,STORAGE,19820601 0000,19820630 0000,35240.0,,AF,1982-06-01
TLC,M,15,STORAGE,19820701 0000,19820731 0000,38200.0,,AF,1982-07-01
TLC,M,15,STORAGE,19820801 0000,19820831 0000,36100.0,,AF,1982-08-01
TLC,M,15,STORAGE,19820901 0000,19820930 0000,27150.0,,AF,1982-09-01
TLC,M,15,STORAGE,19821001 0000,19821031 0000,11770.0,,AF,1982-10-01
TLC,M,15,STORAGE,19821101 0000,19821130 0000,20900.0,,AF,1982-11-01
TLC,M,15,STORAGE,19821201 0000,19821231 0000,19260.0,,AF,1982-12-01
TLC,M,15,STORAGE,19830101 0000,19830131 0000,21450.0,,AF,1983-01-01
TLC,M,15,STORAGE,19830201 0000,19830131 0000,24160.0,,AF,1983-02-01
TLC,M,15,STORAGE,19830301 0000,19830331 0000,28560.0,,AF,1983-03-01
TLC,M,15,STORAGE,19830401 0000,19830430 0000,25600.0,,AF,1983-04-01
TLC,M,15,STORAGE,19830501 0000,19830531 0000,33560.0,,AF,1983-05-01
TLC,M,15,STORAGE,19830601 0000,19830630 0000,28810.0,,AF,1983-06-01
TLC,M,15,STORAGE,19830701 0000,19830731 0000,30840.0,,AF,1983-07-01
TLC,M,15,STORAGE,19830801 0000,19830831 0000,39760.0,,AF,1983-08-01
TLC,M,15,STORAGE,19830901 0000,19830930 0000,39120.0,,AF,1983-09-01
TLC,M,15,STORAGE,19831001 0000,19831031 0000,7540.0,,AF,1983-10-01
TLC,M,15,STORAGE,19831201 0000,19831231 0000,32460.0,,AF,1983-12-01
TLC,M,15,STORAGE,19840101 0000,19840131 0000,28070.0,,AF,1984-01-01
TLC,M,15,STORAGE,19840201 0000,19840229 0000,34780.0,,AF,1984-02-01
TLC,M,15,STORAGE,19840301 0000,19840331 0000,26710.0,,AF,1984-03-01
TLC,M,15,STORAGE,19840401 0000,19840430 0000,31380.0,,AF,1984-04-01
TLC,M,15,STORAGE,19840501 0000,19840531 0000,36400.0,,AF,1984-05-01
TLC,M,15,STORAGE,19840601 0000,19840630 0000,39440.0,,AF,1984-06-01
TLC,M,15,STORAGE,19840701 0000,19840731 0000,33840.0,,AF,1984-07-01
TLC,M,15,STORAGE,19840801 0000,19840831 0000,42650.0,,AF,1984-08-01
TLC,M,15,STORAGE,19840901 0000,19840930 0000,33000.0,,AF,1984-09-01
TLC,M,15,STORAGE,19841001 0000,19841031 0000,12410.0,,AF,1984-10-01
TLC,M,15,STORAGE,19841101 0000,19841130 0000,28070.0,,AF,1984-11-01
TLC,M,15,STORAGE,19841201 0000,19841231 0000,29310.0,,AF,1984-12-01
TLC,M,15,STORAGE,19850101 0000,19850131 0000,27380.0,,AF,1985-01-01
TLC,M,15,STORAGE,19850201 0000,19850228 0000,24370.0,,AF,1985-02-01
TLC,M,15,STORAGE,19850301 0000,19850331 0000,32460.0,,AF,1985-03-01
TLC,M,15,STORAGE,19850401 0000,19850401 0000,43300.0,,AF,1985-04-01
TLC,M,15,STORAGE,19850501 0000,19850531 0000,41680.0,,AF,1985-05-01
TLC,M,15,STORAGE,19850601 0000,19850630 0000,33000.0,,AF,1985-06-01
TLC,M,15,STORAGE,19850701 0000,19850731 0000,33000.0,,AF,1985-07-01
TLC,M,15,STORAGE,19850801 0000,19850831 0000,29800.0,,AF,1985-08-01
TLC,M,15,STORAGE,19850901 0000,19850930 0000,21080.0,,AF,1985-09-01
TLC,M,15,STORAGE,19851001 0000,19851031 0000,6360.0,,AF,1985-10-01
TLC,M,15,STORAGE,19851101 0000,19851130 0000,16980.0,,AF,1985-11-01
TLC,M,15,STORAGE,19851201 0000,19851231 0000,33560.0,,AF,1985-12-01
TLC,M,15,STORAGE,19860101 0000,19860131 0000,31920.0,,AF,1986-01-01
TLC,M,15,STORAGE,19860201 0000,19860228 0000,32460.0,,AF,1986-02-01
TLC,M,15,STORAGE,19860301 0000,19860331 0000,31380.0,,AF,1986-03-01
TLC,M,15,STORAGE,19860401 0000,19860430 0000,38800.0,,AF,1986-04-01
TLC,M,15,STORAGE,19860501 0000,19860531 0000,41360.0,,AF,1986-05-01
TLC,M,15,STORAGE,19860601 0000,19860630 0000,42650.0,,AF,1986-06-01
TLC,M,15,STORAGE,19860701 0000,19860731 0000,32730.0,,AF,1986-07-01
TLC,M,15,STORAGE,19860801 0000,19860831 0000,32460.0,,AF,1986-08-01
TLC,M,15,STORAGE,19860901 0000,19861001 0000,17490.0,,AF,1986-09-01
TLC,M,15,STORAGE,19861001 0000,19861031 0000,18720.0,,AF,1986-10-01
TLC,M,15,STORAGE,19861101 0000,19861201 0000,11930.0,,AF,1986-11-01
TLC,M,15,STORAGE,19861201 0000,19861230 0000,18900.0,,AF,1986-12-01
TLC,M,15,STORAGE,19870101 0000,19870131 0000,11440.0,,AF,1987-01-01
TLC,M,15,STORAGE,19870201 0000,19870303 0000,27150.0,,AF,1987-02-01
TLC,M,15,STORAGE,19870301 0000,19870328 0000,39440.0,,AF,1987-03-01
TLC,M,15,STORAGE,19870401 0000,19870430 0000,30050.0,,AF,1987-04-01
TLC,M,15,STORAGE,19870501 0000,19870531 0000,27820.0,,AF,1987-05-01
TLC,M,15,STORAGE,19870601 0000,19870701 0000,37600.0,,AF,1987-06-01
TLC,M,15,STORAGE,19870701 0000,19870630 0000,29804.0,,AF,1987-07-01
TLC,M,15,STORAGE,19870801 0000,19870731 0000,37380.0,,AF,1987-08-01
TLC,M,15,STORAGE,19870901 0000,19870829 0000,30840.0,,AF,1987-09-01
TLC,M,15,STORAGE,19871001 0000,19870928 0000,10648.0,,AF,1987-10-01
TLC,M,15,STORAGE,19871101 0000,19871029 0000,29060.0,,AF,1987-11-01
TLC,M,15,STORAGE,19871201 0000,19871128 0000,28564.0,,AF,1987-12-01
TLC,M,15,STORAGE,19880101 0000,19871229 0000,26488.0,,AF,1988-01-01
TLC,M,15,STORAGE,19880201 0000,19880131 0000,24165.0,,AF,1988-02-01
TLC,M,15,STORAGE,19880301 0000,19880229 0000,24370.0,,AF,1988-03-01
TLC,M,15,STORAGE,19880401 0000,19880331 0000,37000.0,,AF,1988-04-01
TLC,M,15,STORAGE,19880501 0000,19880430 0000,27376.0,,AF,1988-05-01
TLC,M,15,STORAGE,19880601 0000,19880529 0000,23167.0,,AF,1988-06-01
TLC,M,15,STORAGE,19880701 0000,19880628 0000,31380.0,,AF,1988-07-01
TLC,M,15,STORAGE,19880801 0000,19880729 0000,17320.0,,AF,1988-08-01
TLC,M,15,STORAGE,19880901 0000,19880829 0000,8667.0,,AF,1988-09-01
TLC,M,15,STORAGE,19881101 0000,19881029 0000,5768.0,,AF,1988-11-01
TLC,M,15,STORAGE,19881201 0000,19881128 0000,5521.0,,AF,1988-12-01
TLC,M,15,STORAGE,19890101 0000,19881229 0000,4900.0,,AF,1989-01-01
TLC,M,15,STORAGE,19890201 0000,19890131 0000,4308.0,,AF,1989-02-01
TLC,M,15,STORAGE,19890301 0000,19890228 0000,15096.0,,AF,1989-03-01
TLC,M,15,STORAGE,19890401 0000,19890331 0000,23755.0,,AF,1989-04-01
TLC,M,15,STORAGE,19890501 0000,19890430 0000,20534.0,,AF,1989-05-01
TLC,M,15,STORAGE,19890601 0000,19890529 0000,22780.0,,AF,1989-06-01
TLC,M,15,STORAGE,19890701 0000,19890628 0000,25600.0,,AF,1989-07-01
TLC,M,15,STORAGE,19890801 0000,19890729 0000,23550.0,,AF,1989-08-01
TLC,M,15,STORAGE,19890901 0000,19890829 0000,21635.0,,AF,1989-09-01
TLC,M,15,STORAGE,19891001 0000,19890928 0000,15268.0,,AF,1989-10-01
TLC,M,15,STORAGE,19891101 0000,19891029 0000,17150.0,,AF,1989-11-01
TLC,M,15,STORAGE,19891201 0000,19891128 0000,19983.0,,AF,1989-12-01
TLC,M,15,STORAGE,19900101 0000,19891229 0000,22209.0,,AF,1990-01-01
TLC,M,15,STORAGE,19900201 0000,19900131 0000,24165.0,,AF,1990-02-01
TLC,M,15,STORAGE,19900301 0000,19900228 0000,21826.0,,AF,1990-03-01
TLC,M,15,STORAGE,19900401 0000,19900331 0000,23167.0,,AF,1990-04-01
TLC,M,15,STORAGE,19900501 0000,19900430 0000,25395.0,,AF,1990-05-01
TLC,M,15,STORAGE,19900601 0000,19900529 0000,18900.0,,AF,1990-06-01
TLC,M,15,STORAGE,19900701 0000,19900729 0000,20350.0,,AF,1990-07-01
TLC,M,15,STORAGE,19900801 0000,19900829 0000,22209.0,,AF,1990-08-01
TLC,M,15,STORAGE,19900901 0000,19900928 0000,3838.0,,AF,1990-09-01
TLC,M,15,STORAGE,19901001 0000,19901029 0000,4693.0,,AF,1990-10-01
TLC,M,15,STORAGE,19901101 0000,19901128 0000,4693.0,,AF,1990-11-01
TLC,M,15,STORAGE,19901201 0000,19901229 0000,9552.0,,AF,1990-12-01
TLC,M,15,STORAGE,19910101 0000,19910131 0000,15096.0,,AF,1991-01-01
TLC,M,15,STORAGE,19910201 0000,19910228 0000,17660.0,,AF,1991-02-01
TLC,M,15,STORAGE,19910301 0000,19910331 0000,21635.0,,AF,1991-03-01
TLC,M,15,STORAGE,19910401 0000,19910430 0000,18000.0,,AF,1991-04-01
TLC,M,15,STORAGE,19910501 0000,19910531 0000,24780.0,,AF,1991-05-01
TLC,M,15,STORAGE,19910601 0000,19910628 0000,26932.0,,AF,1991-06-01
TLC,M,15,STORAGE,19910701 0000,19910729 0000,24780.0,,AF,1991-07-01
TLC,M,15,STORAGE,19910801 0000,19910829 0000,27500.0,,AF,1991-08-01
TLC,M,15,STORAGE,19910901 0000,19910928 0000,11122.0,,AF,1991-09-01
TLC,M,15,STORAGE,19911001 0000,19911029 0000,6850.0,,AF,1991-10-01
TLC,M,15,STORAGE,19911101 0000,19911128 0000,7950.0,,AF,1991-11-01
TLC,M,15,STORAGE,19911201 0000,19911229 0000,10648.0,,AF,1991-12-01
TLC,M,15,STORAGE,19920101 0000,19920131 0000,14412.0,,AF,1992-01-01
TLC,M,15,STORAGE,19920201 0000,19920229 0000,16300.0,,AF,1992-02-01
TLC,M,15,STORAGE,19920301 0000,19920331 0000,24370.0,,AF,1992-03-01
TLC,M,15,STORAGE,19920401 0000,19920430 0000,31110.0,,AF,1992-04-01
TLC,M,15,STORAGE,19920501 0000,19920529 0000,29804.0,,AF,1992-05-01
TLC,M,15,STORAGE,19920601 0000,19920628 0000,23358.0,,AF,1992-06-01
TLC,M,15,STORAGE,19920701 0000,19920729 0000,23358.0,,AF,1992-07-01
TLC,M,15,STORAGE,19920801 0000,19920829 0000,24165.0,,AF,1992-08-01
TLC,M,15,STORAGE,19920901 0000,19920928 0000,15096.0,,AF,1992-09-01
TLC,M,15,STORAGE,19921001 0000,19921029 0000,9110.0,,AF,1992-10-01
TLC,M,15,STORAGE,19921101 0000,19921128 0000,13236.0,,AF,1992-11-01
TLC,M,15,STORAGE,19921201 0000,19921229 0000,18360.0,,AF,1992-12-01
TLC,M,15,STORAGE,19930101 0000,19930131 0000,22784.0,,AF,1993-01-01
TLC,M,15,STORAGE,19930201 0000,19930228 0000,23755.0,,AF,1993-02-01
TLC,M,15,STORAGE,19930301 0000,19930331 0000,33560.0,,AF,1993-03-01
TLC,M,15,STORAGE,19930401 0000,19930430 0000,35800.0,,AF,1993-04-01
TLC,M,15,STORAGE,19930501 0000,19930529 0000,38500.0,,AF,1993-05-01
TLC,M,15,STORAGE,19930601 0000,19930628 0000,26710.0,,AF,1993-06-01
TLC,M,15,STORAGE,19930701 0000,19930729 0000,26044.0,,AF,1993-07-01
TLC,M,15,STORAGE,19930801 0000,19930829 0000,26488.0,,AF,1993-08-01
TLC,M,15,STORAGE,19930901 0000,19930928 0000,21084.0,,AF,1993-09-01
TLC,M,15,STORAGE,19931001 0000,19931029 0000,9110.0,,AF,1993-10-01
TLC,M,15,STORAGE,19931101 0000,19931128 0000,11122.0,,AF,1993-11-01
TLC,M,15,STORAGE,19931201 0000,19931229 0000,14462.0,,AF,1993-12-01
TLC,M,15,STORAGE,19940101 0000,19940131 0000,18360.0,,AF,1994-01-01
TLC,M,15,STORAGE,19940201 0000,19940228 0000,24575.0,,AF,1994-02-01
TLC,M,15,STORAGE,19940301 0000,19940331 0000,26488.0,,AF,1994-03-01
TLC,M,15,STORAGE,19940401 0000,19940430 0000,37300.0,,AF,1994-04-01
TLC,M,15,STORAGE,19940501 0000,19940529 0000,31110.0,,AF,1994-05-01
TLC,M,15,STORAGE,19940601 0000,19940628 0000,30300.0,,AF,1994-06-01
TLC,M,15,STORAGE,19940701 0000,19940729 0000,25190.0,,AF,1994-07-01
TLC,M,15,STORAGE,19940801 0000,19940829 0000,31920.0,,AF,1994-08-01
TLC,M,15,STORAGE,19940901 0000,19940928 0000,18180.0,,AF,1994-09-01
TLC,M,15,STORAGE,19941001 0000,19941029 0000,7950.0,,AF,1994-10-01
TLC,M,15,STORAGE,19941101 0000,19941128 0000,11966.0,,AF,1994-11-01
TLC,M,15,STORAGE,19941201 0000,19941229 0000,15012.0,,AF,1994-12-01
TLC,M,15,STORAGE,19950101 0000,19950131 0000,22784.0,,AF,1995-01-01
TLC,M,15,STORAGE,19950201 0000,19950228 0000,25190.0,,AF,1995-02-01
TLC,M,15,STORAGE,19950301 0000,19950331 0000,30300.0,,AF,1995-03-01
TLC,M,15,STORAGE,19950401 0000,19950430 0000,31380.0,,AF,1995-04-01
TLC,M,15,STORAGE,19950501 0000,19950529 0000,26266.0,,AF,1995-05-01
TLC,M,15,STORAGE,19950601 0000,19950628 0000,32730.0,,AF,1995-06-01
TLC,M,15,STORAGE,19950701 0000,19950729 0000,31110.0,,AF,1995-07-01
TLC,M,15,STORAGE,19950801 0000,19950829 0000,29556.0,,AF,1995-08-01
TLC,M,15,STORAGE,19950901 0000,19950928 0000,9257.0,,AF,1995-09-01
TLC,M,15,STORAGE,19951001 0000,19951029 0000,5870.0,,AF,1995-10-01
TLC,M,15,STORAGE,19951101 0000,19951128 0000,5870.0,,AF,1995-11-01
TLC,M,15,STORAGE,19951201 0000,19951229 0000,8000.0,,AF,1995-12-01
TLC,M,15,STORAGE,19960101 0000,19960131 0000,27598.0,,AF,1996-01-01
TLC,M,15,STORAGE,19960201 0000,19960229 0000,24165.0,,AF,1996-02-01
TLC,M,15,STORAGE,19960301 0000,19960331 0000,26488.0,,AF,1996-03-01
TLC,M,15,STORAGE,19960401 0000,19960430 0000,30000.0,,AF,1996-04-01
TLC,M,15,STORAGE,19960501 0000,19960529 0000,28068.0,,AF,1996-05-01
TLC,M,15,STORAGE,19960601 0000,19960628 0000,28609.0,,AF,1996-06-01
TLC,M,15,STORAGE,19960701 0000,19960729 0000,23579.0,,AF,1996-07-01
TLC,M,15,STORAGE,19960801 0000,19960801 0000,22000.0,,AF,1996-08-01
TLC,M,15,STORAGE,19960901 0000,19960901 0000,23064.0,,AF,1996-09-01
TLC,M,15,STORAGE,19961001 0000,19961001 0000,10806.0,,AF,1996-10-01
TLC,M,15,STORAGE,19961101 0000,19961101 0000,10016.0,,AF,1996-11-01
TLC,M,15,STORAGE,19961201 0000,19961201 0000,14412.0,,AF,1996-12-01
TLC,M,15,STORAGE,19970101 0000,19970101 0000,23234.0,,AF,1997-01-01
TLC,M,15,STORAGE,19970201 0000,19970201 0000,24000.0,,AF,1997-02-01
TLC,M,15,STORAGE,19970301 0000,19970301 0000,25600.0,,AF,1997-03-01
TLC,M,15,STORAGE,19970401 0000,19970401 0000,23358.0,,AF,1997-04-01
TLC,M,15,STORAGE,19970501 0000,19970501 0000,35240.0,,AF,1997-05-01
TLC,M,15,STORAGE,19970601 0000,19970601 0000,23167.0,,AF,1997-06-01
TLC,M,15,STORAGE,19970701 0000,19970701 0000,27820.0,,AF,1997-07-01
TLC,M,15,STORAGE,19970801 0000,19970801 0000,32440.0,,AF,1997-08-01
TLC,M,15,STORAGE,19970901 0000,19970901 0000,18360.0,,AF,1997-09-01
TLC,M,15,STORAGE,19971001 0000,19971001 0000,18000.0,,AF,1997-10-01
TLC,M,15,STORAGE,19971101 0000,19971101 0000,10490.0,,AF,1997-11-01
TLC,M,15,STORAGE,19971201 0000,19971201 0000,16300.0,,AF,1997-12-01
TLC,M,15,STORAGE,19980101 0000,19980101 0000,20350.0,,AF,1998-01-01
TLC,M,15,STORAGE,19980201 0000,19980201 0000,26710.0,,AF,1998-02-01
TLC,M,15,STORAGE,19980301 0000,19980301 0000,28068.0,,AF,1998-03-01
TLC,M,15,STORAGE,19980401 0000,19980401 0000,27598.0,,AF,1998-04-01
TLC,M,15,STORAGE,19980501 0000,19980501 0000,23627.0, ,AF,1998-05-01
TLC,M,15,STORAGE,19980601 0000,19980601 0000,30552.0, ,AF,1998-06-01
TLC,M,15,STORAGE,19980701 0000,19980701 0000,33290.0, ,AF,1998-07-01
TLC,M,15,STORAGE,19980801 0000,19980801 0000,36400.0, ,AF,1998-08-01
TLC,M,15,STORAGE,19980901 0000,19980901 0000,34000.0, ,AF,1998-09-01
TLC,M,15,STORAGE,19981001 0000,19981001 0000,7262.0, ,AF,1998-10-01
TLC,M,15,STORAGE,19981101 0000,19981101 0000,4026.0, ,AF,1998-11-01
TLC,M,15,STORAGE,19981201 0000,19981201 0000,3932.0, ,AF,1998-12-01
TLC,M,15,STORAGE,19990101 0000,19990101 0000,27154.0, ,AF,1999-01-01
TLC,M,15,STORAGE,19990201 0000,19990201 0000,24780.0, ,AF,1999-02-01
TLC,M,15,STORAGE,19990301 0000,19990301 0000,25600.0, ,AF,1999-03-01
TLC,M,15,STORAGE,19990401 0000,19990401 0000,32190.0, ,AF,1999-04-01
TLC,M,15,STORAGE,19990501 0000,19990501 0000,31380.0, ,AF,1999-05-01
TLC,M,15,STORAGE,19990601 0000,19990601 0000,30840.0, ,AF,1999-06-01
TLC,M,15,STORAGE,19990701 0000,19990701 0000,32730.0, ,AF,1999-07-01
TLC,M,15,STORAGE,19990801 0000,19990801 0000,37300.0, ,AF,1999-08-01
TLC,M,15,STORAGE,19990901 0000,19990901 0000,31110.0, ,AF,1999-09-01
TLC,M,15,STORAGE,19991001 0000,19991001 0000,15682.0, ,AF,1999-10-01
TLC,M,15,STORAGE,19991101 0000,19991101 0000,14580.0, ,AF,1999-11-01
TLC,M,15,STORAGE,19991201 0000,19991201 0000,25822.0, ,AF,1999-12-01
TLC,M,15,STORAGE,20000101 0000,20000101 0000,22582.0, ,AF,2000-01-01
TLC,M,15,STORAGE,20000201 0000,20000201 0000,14580.0, ,AF,2000-02-01
TLC,M,15,STORAGE,20000301 0000,20000301 0000,26932.0, ,AF,2000-03-01
TLC,M,15,STORAGE,20000401 0000,20000401 0000,29308.0, ,AF,2000-04-01
TLC,M,15,STORAGE,20000501 0000,20000501 0000,26932.0, ,AF,2000-05-01
TLC,M,15,STORAGE,20000601 0000,20000601 0000,28316.0, ,AF,2000-06-01
TLC,M,15,STORAGE,20000701 0000,20000701 0000,31290.0, ,AF,2000-07-01
TLC,M,15,STORAGE,20000801 0000,20000801 0000,35240.0, ,AF,2000-08-01
TLC,M,15,STORAGE,20000901 0000,20000901 0000,34400.0, ,AF,2000-09-01
TLC,M,15,STORAGE,20001001 0000,20001001 0000,22975.0, ,AF,2000-10-01
TLC,M,15,STORAGE,20001101 0000,20001101 0000,20534.0, ,AF,2000-11-01
TLC,M,15,STORAGE,20001201 0000,20001201 0000,27154.0, ,AF,2000-12-01
TLC,M,15,STORAGE,20010101 0000,20010101 0000,28316.0, ,AF,2001-01-01
TLC,M,15,STORAGE,20010201 0000,20010201 0000,26710.0, ,AF,2001-02-01
TLC,M,15,STORAGE,20010301 0000,20010301 0000,27154.0, ,AF,2001-03-01
TLC,M,15,STORAGE,20010401 0000,20010401 0000,34120.0, ,AF,2001-04-01
TLC,M,15,STORAGE,20010501 0000,20010501 0000,32190.0, ,AF,2001-05-01
TLC,M,15,STORAGE,20010601 0000,20010601 0000,31380.0, ,AF,2001-06-01
TLC,M,15,STORAGE,20010701 0000,20010701 0000,30052.0, ,AF,2001-07-01
TLC,M,15,STORAGE,20010801 0000,20010801 0000,30840.0, ,AF,2001-08-01
TLC,M,15,STORAGE,20010901 0000,20010901 0000,26932.0, ,AF,2001-09-01
TLC,M,15,STORAGE,20011001 0000,20011001 0000,13404.0, ,AF,2001-10-01
TLC,M,15,STORAGE,20011101 0000,20011101 0000,13236.0, ,AF,2001-11-01
TLC,M,15,STORAGE,20011201 0000,20011201 0000,13908.0, ,AF,2001-12-01
TLC,M,15,STORAGE,20020101 0000,20020101 0000,14412.0, ,AF,2002-01-01
TLC,M,15,STORAGE,20020201 0000,20020201 0000,14244.0, ,AF,2002-02-01
TLC,M,15,STORAGE,20020301 0000,20020301 0000,31110.0, ,AF,2002-03-01
TLC,M,15,STORAGE,20020401 0000,20020401 0000,31650.0, ,AF,2002-04-01
TLC,M,15,STORAGE,20020501 0000,20020501 0000,30300.0, ,AF,2002-05-01
TLC,M,15,STORAGE,20020601 0000,20020601 0000,29308.0, ,AF,2002-06-01
TLC,M,15,STORAGE,20020701 0000,20020701 0000,30300.0, ,AF,2002-07-01
TLC,M,15,STORAGE,20020801 0000,20020801 0000,30300.0, ,AF,2002-08-01
TLC,M,15,STORAGE,20020901 0000,20020901 0000,30300.0, ,AF,2002-09-01
TLC,M,15,STORAGE,20021001 0000,20021001 0000,13236.0, ,AF,2002-10-01
TLC,M,15,STORAGE,20021101 0000,20021101 0000,14412.0, ,AF,2002-11-01
TLC,M,15,STORAGE,20021201 0000,20021201 0000,18540.0, ,AF,2002-12-01
TLC,M,15,STORAGE,20030101 0000,20030101 0000,17660.0, ,AF,2003-01-01
TLC,M,15,STORAGE,20030201 0000,20030201 0000,25600.0, ,AF,2003-02-01
TLC,M,15,STORAGE,20030301 0000,20030301 0000,28564.0, ,AF,2003-03-01
TLC,M,15,STORAGE,20030401 0000,20030401 0000,31110.0, ,AF,2003-04-01
TLC,M,15,STORAGE,20030501 0000,20030501 0000,27598.0, ,AF,2003-05-01
TLC,M,15,STORAGE,20030601 0000,20030601 0000,31650.0, ,AF,2003-06-01
TLC,M,15,STORAGE,20030701 0000,20030701 0000,32460.0, ,AF,2003-07-01
TLC,M,15,STORAGE,20030801 0000,20030801 0000,29308.0, ,AF,2003-08-01
TLC,M,15,STORAGE,20030901 0000,20030901 0000,18180.0, ,AF,2003-09-01
TLC,M,15,STORAGE,20031001 0000,20031001 0000,19800.0, ,AF,2003-10-01
TLC,M,15,STORAGE,20031101 0000,20031101 0000,18180.0, ,AF,2003-11-01
TLC,M,15,STORAGE,20031201 0000,20031201 0000,18540.0, ,AF,2003-12-01
TLC,M,15,STORAGE,20040101 0000,20040101 0000,18180.0, ,AF,2004-01-01
TLC,M,15,STORAGE,20040201 0000,20040201 0000,32460.0, ,AF,2004-02-01
TLC,M,15,STORAGE,20040301 0000,20040301 0000,32730.0, ,AF,2004-03-01
TLC,M,15,STORAGE,20040401 0000,20040401 0000,30570.0, ,AF,2004-04-01
TLC,M,15,STORAGE,20040501 0000,20040501 0000,33000.0, ,AF,2004-05-01
TLC,M,15,STORAGE,20040601 0000,20040601 0000,33290.0, ,AF,2004-06-01
TLC,M,15,STORAGE,20040701 0000,20040701 0000,31650.0, ,AF,2004-07-01
TLC,M,15,STORAGE,20040801 0000,20040801 0000,31650.0, ,AF,2004-08-01
TLC,M,15,STORAGE,20040901 0000,20040901 0000,18540.0, ,AF,2004-09-01
TLC,M,15,STORAGE,20041001 0000,20041001 0000,4308.0, ,AF,2004-10-01
TLC,M,15,STORAGE,20041101 0000,20041101 0000,4308.0, ,AF,2004-11-01
TLC,M,15,STORAGE,20041201 0000,20041201 0000,4308.0, ,AF,2004-12-01
TLC,M,15,STORAGE,20050101 0000,20050101 0000,23550.0, ,AF,2005-01-01
TLC,M,15,STORAGE,20050201 0000,20050201 0000,29556.0, ,AF,2005-02-01
TLC,M,15,STORAGE,20050301 0000,20050301 0000,34120.0, ,AF,2005-03-01
TLC,M,15,STORAGE,20050401 0000,20050401 0000,31920.0, ,AF,2005-04-01
TLC,M,15,STORAGE,20050501 0000,20050501 0000,32460.0, ,AF,2005-05-01
TLC,M,15,STORAGE,20050601 0000,20050601 0000,31110.0, ,AF,2005-06-01
TLC,M,15,STORAGE,20050701 0000,20050701 0000,31920.0, ,AF,2005-07-01
TLC,M,15,STORAGE,20050801 0000,20050801 0000,34400.0, ,AF,2005-08-01
TLC,M,15,STORAGE,20050901 0000,20050901 0000,31110.0, ,AF,2005-09-01
TLC,M,15,STORAGE,20051001 0000,20051001 0000,9858.0, ,AF,2005-10-01
TLC,M,15,STORAGE,20051101 0000,20051101 0000,8520.0, ,AF,2005-11-01
TLC,M,15,STORAGE,20051201 0000,20051201 0000,11280.0, ,AF,2005-12-01
TLC,M,15,STORAGE,20060101 0000,20060101 0000,24165.0, ,AF,2006-01-01
TLC,M,15,STORAGE,20060201 0000,20060201 0000,29556.0, ,AF,2006-02-01
TLC,M,15,STORAGE,20060301 0000,20060301 0000,34400.0, ,AF,2006-03-01
TLC,M,15,STORAGE,20060401 0000,20060401 0000,33290.0, ,AF,2006-04-01
TLC,M,15,STORAGE,20060501 0000,20060501 0000,34680.0, ,AF,2006-05-01
TLC,M,15,STORAGE,20060601 0000,20060601 0000,29556.0, ,AF,2006-06-01
TLC,M,15,STORAGE,20060701 0000,20060701 0000,31650.0, ,AF,2006-07-01
TLC,M,15,STORAGE,20060801 0000,20060801 0000,35800.0, ,AF,2006-08-01
TLC,M,15,STORAGE,20060901 0000,20060901 0000,29308.0, ,AF,2006-09-01
TLC,M,15,STORAGE,20061001 0000,20061001 0000,12900.0, ,AF,2006-10-01
TLC,M,15,STORAGE,20061101 0000,20061101 0000,12900.0, ,AF,2006-11-01
TLC,M,15,STORAGE,20061201 0000,20061201 0000,13740.0, ,AF,2006-12-01
TLC,M,15,STORAGE,20070101 0000,20070101 0000,22401.0, ,AF,2007-01-01
TLC,M,15,STORAGE,20070201 0000,20070201 0000,22209.0, ,AF,2007-02-01
TLC,M,15,STORAGE,20070301 0000,20070301 0000,32460.0, ,AF,2007-03-01
TLC,M,15,STORAGE,20070401 0000,20070401 0000,32190.0, ,AF,2007-04-01
TLC,M,15,STORAGE,20070501 0000,20070501 0000,30300.0, ,AF,2007-05-01
TLC,M,15,STORAGE,20070601 0000,20070601 0000,30300.0, ,AF,2007-06-01
TLC,M,15,STORAGE,20070701 0000,20070701 0000,32460.0, ,AF,2007-07-01
TLC,M,15,STORAGE,20070801 0000,20070801 0000,32190.0,e,AF,2007-08-01
TLC,M,15,STORAGE,20070901 0000,20070901 0000,24165.0, ,AF,2007-09-01
TLC,M,15,STORAGE,20071001 0000,20071001 0000,17320.0, ,AF,2007-10-01
TLC,M,15,STORAGE,20071101 0000,20071101 0000,16300.0, ,AF,2007-11-01
TLC,M,15,STORAGE,20071201 0000,20071201 0000,17320.0, ,AF,2007-12-01
TLC,M,15,STORAGE,20080101 0000,20080101 0000,18540.0, ,AF,2008-01-01
TLC,M,15,STORAGE,20080201 0000,20080201 0000,22018.0, ,AF,2008-02-01
TLC,M,15,STORAGE,20080301 0000,20080301 0000,29556.0, ,AF,2008-03-01
TLC,M,15,STORAGE,20080401 0000,20080401 0000,24780.0, ,AF,2008-04-01
TLC,M,15,STORAGE,20080501 0000,20080501 0000,29060.0, ,AF,2008-05-01
TLC,M,15,STORAGE,20080601 0000,20080601 0000,25822.0, ,AF,2008-06-01
TLC,M,15,STORAGE,20080701 0000,20080701 0000,24985.0, ,AF,2008-07-01
TLC,M,15,STORAGE,20080801 0000,20080801 0000,24985.0, ,AF,2008-08-01
TLC,M,15,STORAGE,20080901 0000,20080901 0000,17320.0, ,AF,2008-09-01
TLC,M,15,STORAGE,20081001 0000,20081001 0000,9257.0, ,AF,2008-10-01
TLC,M,15,STORAGE,20081101 0000,20081101 0000,9110.0, ,AF,2008-11-01
TLC,M,15,STORAGE,20081201 0000,20081201 0000,14752.0, ,AF,2008-12-01
TLC,M,15,STORAGE,20090101 0000,20090101 0000,17660.0, ,AF,2009-01-01
TLC,M,15,STORAGE,20090201 0000,20090201 0000,22209.0, ,AF,2009-02-01
TLC,M,15,STORAGE,20090301 0000,20090301 0000,23358.0, ,AF,2009-03-01
TLC,M,15,STORAGE,20090401 0000,20090401 0000,24780.0, ,AF,2009-04-01
TLC,M,15,STORAGE,20090501 0000,20090501 0000,23358.0, ,AF,2009-05-01
TLC,M,15,STORAGE,20090601 0000,20090601 0000,26710.0, ,AF,2009-06-01
TLC,M,15,STORAGE,20090701 0000,20090701 0000,29556.0, ,AF,2009-07-01
TLC,M,15,STORAGE,20090801 0000,20090801 0000,30840.0, ,AF,2009-08-01
TLC,M,15,STORAGE,20090901 0000,20090901 0000,26044.0, ,AF,2009-09-01
TLC,M,15,STORAGE,20091001 0000,20091001 0000,12414.0, ,AF,2009-10-01
TLC,M,15,STORAGE,20091101 0000,20091101 0000,12414.0, ,AF,2009-11-01
TLC,M,15,STORAGE,20091201 0000,20091201 0000,12738.0,,AF,2009-12-01
TLC,M,15,STORAGE,20100101 0000,20100101 0000,18540.0, ,AF,2010-01-01
TLC,M,15,STORAGE,20100201 0000,20100201 0000,25190.0, ,AF,2010-02-01
TLC,M,15,STORAGE,20100301 0000,20100301 0000,30570.0, ,AF,2010-03-01
TLC,M,15,STORAGE,20100401 0000,20100401 0000,32190.0,,AF,2010-04-01
TLC,M,15,STORAGE,20100501 0000,20100501 0000,30840.0, ,AF,2010-05-01
TLC,M,15,STORAGE,20100601 0000,20100601 0000,29556.0, ,AF,2010-06-01
TLC,M,15,STORAGE,20100701 0000,20100701 0000,29556.0, ,AF,2010-07-01
TLC,M,15,STORAGE,20100801 0000,20100801 0000,29308.0, ,AF,2010-08-01
TLC,M,15,STORAGE,20100901 0000,20100901 0000,27598.0, ,AF,2010-09-01
TLC,M,15,STORAGE,20101001 0000,20101001 0000,11442.0, ,AF,2010-10-01
TLC,M,15,STORAGE,20101101 0000,20101101 0000,22401.0, ,AF,2010-11-01
TLC,M,15,STORAGE,20101201 0000,20101201 0000,25822.0, ,AF,2010-12-01
TLC,M,15,STORAGE,20110101 0000,20110101 0000,24575.0,r,AF,2011-01-01
TLC,M,15,STORAGE,20110201 0000,20110201 0000,25822.0, ,AF,2011-02-01
TLC,M,15,STORAGE,20110301 0000,20110301 0000,29557.0, ,AF,2011-03-01
TLC,M,15,STORAGE,20110401 0000,20110401 0000,30522.0, ,AF,2011-04-01
TLC,M,15,STORAGE,20110501 0000,20110501 0000,27824.0, ,AF,2011-05-01
TLC,M,15,STORAGE,20110601 0000,20110601 0000,29193.0, ,AF,2011-06-01
TLC,M,15,STORAGE,20110701 0000,20110701 0000,29072.0, ,AF,2011-07-01
TLC,M,15,STORAGE,20110801 0000,20110801 0000,30436.0, ,AF,2011-08-01
TLC,M,15,STORAGE,20110901 0000,20110901 0000,27440.0, ,AF,2011-09-01
TLC,M,15,STORAGE,20111001 0000,20111001 0000,12909.0, ,AF,2011-10-01
TLC,M,15,STORAGE,20111101 0000,20111101 0000,13550.0, ,AF,2011-11-01
TLC,M,15,STORAGE,20111201 0000,20111201 0000,12264.0, ,AF,2011-12-01
TLC,M,15,STORAGE,20120101 0000,20120101 0000,18521.0, ,AF,2012-01-01
TLC,M,15,STORAGE,20120201 0000,20120201 0000,25523.0, ,AF,2012-02-01
TLC,M,15,STORAGE,20120301 0000,20120301 0000,27300.0, ,AF,2012-03-01
TLC,M,15,STORAGE,20120401 0000,20120401 0000,26838.0, ,AF,2012-04-01
TLC,M,15,STORAGE,20120501 0000,20120501 0000,26775.0, ,AF,2012-05-01
TLC,M,15,STORAGE,20120601 0000,20120601 0000,25889.0, ,AF,2012-06-01
TLC,M,15,STORAGE,20120701 0000,20120701 0000,27487.0,r,AF,2012-07-01
TLC,M,15,STORAGE,20120801 0000,20120801 0000,26947.0, ,AF,2012-08-01
TLC,M,15,STORAGE,20120901 0000,20120901 0000,28643.0, ,AF,2012-09-01
TLC,M,15,STORAGE,20121001 0000,20121001 0000,14324.0, ,AF,2012-10-01
TLC,M,15,STORAGE,20121101 0000,20121101 0000,13298.0, ,AF,2012-11-01
TLC,M,15,STORAGE,20121201 0000,20121201 0000,12900.0, ,AF,2012-12-01
TLC,M,15,STORAGE,20130101 0000,20130101 0000,16701.0, ,AF,2013-01-01
TLC,M,15,STORAGE,20130201 0000,20130201 0000,25744.0, ,AF,2013-02-01
TLC,M,15,STORAGE,20130301 0000,20130301 0000,26509.0, ,AF,2013-03-01
TLC,M,15,STORAGE,20130401 0000,20130401 0000,26725.0, ,AF,2013-04-01
TLC,M,15,STORAGE,20130501 0000,20130501 0000,25124.0, ,AF,2013-05-01
TLC,M,15,STORAGE,20130601 0000,20130601 0000,26669.0, ,AF,2013-06-01
TLC,M,15,STORAGE,20130701 0000,20130701 0000,26336.0, ,AF,2013-07-01
TLC,M,15,STORAGE,20130801 0000,20130801 0000,27114.0, ,AF,2013-08-01
TLC,M,15,STORAGE,20130901 0000,20130901 0000,18607.0, ,AF,2013-09-01
TLC,M,15,STORAGE,20131001 0000,20131001 0000,14924.0, ,AF,2013-10-01
TLC,M,15,STORAGE,20131101 0000,20131101 0000,14021.0,,AF,2013-11-01
TLC,M,15,STORAGE,20131201 0000,20131201 0000,12438.0, ,AF,2013-12-01
TLC,M,15,STORAGE,20140101 0000,20140101 0000,11595.0, ,AF,2014-01-01
TLC,M,15,STORAGE,20140201 0000,20140201 0000,10816.0, ,AF,2014-02-01
TLC,M,15,STORAGE,20140301 0000,20140301 0000,13987.0, ,AF,2014-03-01
TLC,M,15,STORAGE,20140401 0000,20140401 0000,20343.0, ,AF,2014-04-01
TLC,M,15,STORAGE,20140501 0000,20140501 0000,15407.0, ,AF,2014-05-01
TLC,M,15,STORAGE,20140601 0000,20140601 0000,15582.0, ,AF,2014-06-01
TLC,M,15,STORAGE,20140701 0000,20140701 0000,15393.0, ,AF,2014-07-01
TLC,M,15,STORAGE,20140801 0000,20140801 0000,15809.0, ,AF,2014-08-01
TLC,M,15,STORAGE,20140901 0000,20140901 0000,10345.0, ,AF,2014-09-01
TLC,M,15,STORAGE,20141001 0000,20141001 0000,4265.0, ,AF,2014-10-01
TLC,M,15,STORAGE,20141101 0000,20141101 0000,4242.0, ,AF,2014-11-01
TLC,M,15,STORAGE,20141201 0000,20141201 0000,4217.0, ,AF,2014-12-01
TLC,M,15,STORAGE,20150101 0000,20150101 0000,4235.0, ,AF,2015-01-01
TLC,M,15,STORAGE,20150201 0000,20150201 0000,4242.0, ,AF,2015-02-01
TLC,M,15,STORAGE,20150301 0000,20150301 0000,4249.0, ,AF,2015-03-01
TLC,M,15,STORAGE,20150401 0000,20150401 0000,18192.0, ,AF,2015-04-01
TLC,M,15,STORAGE,20150501 0000,20150501 0000,15500.0, ,AF,2015-05-01
TLC,M,15,STORAGE,20150601 0000,20150601 0000,15352.0, ,AF,2015-06-01
TLC,M,15,STORAGE,20150701 0000,20150701 0000,15339.0, ,AF,2015-07-01
TLC,M,15,STORAGE,20150801 0000,20150801 0000,15473.0, ,AF,2015-08-01
TLC,M,15,STORAGE,20150901 0000,20150901 0000,9978.0, ,AF,2015-09-01
TLC,M,15,STORAGE,20151001 0000,20151001 0000,6370.0, ,AF,2015-10-01
TLC,M,15,STORAGE,20151101 0000,20151101 0000,5461.0, ,AF,2015-11-01
TLC,M,15,STORAGE,20151201 0000,20151201 0000,5458.0, ,AF,2015-12-01
TLC,M,15,STORAGE,20160101 0000,20160101 0000,7235.0, ,AF,2016-01-01
TLC,M,15,STORAGE,20160201 0000,20160201 0000,6300.0, ,AF,2016-02-01
TLC,M,15,STORAGE,20160301 0000,20160301 0000,12472.0, ,AF,2016-03-01
TLC,M,15,STORAGE,20160401 0000,20160401 0000,19953.0, ,AF,2016-04-01
TLC,M,15,STORAGE,20160501 0000,20160501 0000,15427.0, ,AF,2016-05-01
TLC,M,15,STORAGE,20160601 0000,20160601 0000,15292.0, ,AF,2016-06-01
TLC,M,15,STORAGE,20160701 0000,20160701 0000,15200.0, ,AF,2016-07-01
TLC,M,15,STORAGE,20160801 0000,20160801 0000,25305.0, ,AF,2016-08-01
TLC,M,15,STORAGE,20160901 0000,20160901 0000,26555.0, ,AF,2016-09-01
TLC,M,15,STORAGE,20161001 0000,20161001 0000,8913.0, ,AF,2016-10-01
TLC,M,15,STORAGE,20161101 0000,20161101 0000,7854.0, ,AF,2016-11-01
TLC,M,15,STORAGE,20161201 0000,20161201 0000,7449.0, ,AF,2016-12-01
TLC,M,15,STORAGE,20170101 0000,20170101 0000,17621.0, ,AF,2017-01-01
TLC,M,15,STORAGE,20170201 0000,20170201 0000,23400.0,e,AF,2017-02-01
TLC,M,15,STORAGE,20170301 0000,20170301 0000,21051.0, ,AF,2017-03-01
TLC,M,15,STORAGE,20170401 0000,20170401 0000,21365.0, ,AF,2017-04-01
TLC,M,15,STORAGE,20170501 0000,20170501 0000,29804.0, ,AF,2017-05-01
TLC,M,15,STORAGE,20170601 0000,20170601 0000,27891.0, ,AF,2017-06-01
TLC,M,15,STORAGE,20170701 0000,20170701 0000,30909.0, ,AF,2017-07-01
TLC,M,15,STORAGE,20170801 0000,20170801 0000,29950.0, ,AF,2017-08-01
TLC,M,15,STORAGE,20170901 0000,20170901 0000,21798.0, ,AF,2017-09-01
TLC,M,15,STORAGE,20171001 0000,20171001 0000,28436.0, ,AF,2017-10-01
TLC,M,15,STORAGE,20171101 0000,20171101 0000,26853.0, ,AF,2017-11-01
TLC,M,15,STORAGE,20171201 0000,20171201 0000,24103.0, ,AF,2017-12-01
TLC,M,15,STORAGE,20180101 0000,20180101 0000,22616.0, ,AF,2018-01-01
TLC,M,15,STORAGE,20180201 0000,20180201 0000,28103.0, ,AF,2018-02-01
TLC,M,15,STORAGE,20180301 0000,20180301 0000,31041.0, ,AF,2018-03-01
TLC,M,15,STORAGE,20180401 0000,20180401 0000,31008.0, ,AF,2018-04-01
TLC,M,15,STORAGE,20180501 0000,20180501 0000,30777.0, ,AF,2018-05-01
TLC,M,15,STORAGE,20180601 0000,20180601 0000,27936.0, ,AF,2018-06-01
TLC,M,15,STORAGE,20180701 0000,20180701 0000,28163.0, ,AF,2018-07-01
TLC,M,15,STORAGE,20180801 0000,20180801 0000,29860.0, ,AF,2018-08-01
TLC,M,15,STORAGE,20180901 0000,20180901 0000,31898.0, ,AF,2018-09-01
TLC,M,15,STORAGE,20181001 0000,20181001 0000,31634.0, ,AF,2018-10-01
TLC,M,15,STORAGE,20181101 0000,20181101 0000,29526.0, ,AF,2018-11-01
TLC,M,15,STORAGE,20181201 0000,20181201 0000,26419.0, ,AF,2018-12-01
TLC,M,15,STORAGE,20190101 0000,20190101 0000,24203.0, ,AF,2019-01-01
TLC,M,15,STORAGE,20190201 0000,20190201 0000,24423.0, ,AF,2019-02-01
TLC,M,15,STORAGE,20190301 0000,20190301 0000,27585.0, ,AF,2019-03-01
TLC,M,15,STORAGE,20190401 0000,20190401 0000,27314.0, ,AF,2019-04-01
TLC,M,15,STORAGE,20190501 0000,20190501 0000,26609.0, ,AF,2019-05-01
TLC,M,15,STORAGE,20190601 0000,20190601 0000,29600.0, ,AF,2019-06-01
TLC,M,15,STORAGE,20190701 0000,20190701 0000,32623.0, ,AF,2019-07-01
TLC,M,15,STORAGE,20190801 0000,20190801 0000,29193.0, ,AF,2019-08-01
TLC,M,15,STORAGE,20190901 0000,20190901 0000,31601.0, ,AF,2019-09-01
TLC,M,15,STORAGE,20191001 0000,20191001 0000,33091.0, ,AF,2019-10-01
TLC,M,15,STORAGE,20191101 0000,20191101 0000,29648.0, ,AF,2019-11-01
TLC,M,15,STORAGE,20191201 0000,20191201 0000,27982.0, ,AF,2019-12-01
TLC,M,15,STORAGE,20200101 0000,20200101 0000,28648.0, ,AF,2020-01-01
TLC,M,15,STORAGE,20200201 0000,20200201 0000,25508.0, ,AF,2020-02-01
TLC,M,15,STORAGE,20200301 0000,20200301 0000,19443.0, ,AF,2020-03-01
TLC,M,15,STORAGE,20200401 0000,20200401 0000,18121.0, ,AF,2020-04-01
TLC,M,15,STORAGE,20200501 0000,20200501 0000,18747.0, ,AF,2020-05-01
TLC,M,15,STORAGE,20200601 0000,20200601 0000,18240.0, ,AF,2020-06-01
TLC,M,15,STORAGE,20200701 0000,20200701 0000,18202.0,e,AF,2020-07-01
TLC,M,15,STORAGE,20200801 0000,20200801 0000,21463.0, ,AF,2020-08-01
TLC,M,15,STORAGE,20200901 0000,20200901 0000,25486.0, ,AF,2020-09-01
TLC,M,15,STORAGE,20201001 0000,20201001 0000,5912.0, ,AF,2020-10-01
TLC,M,15,STORAGE,20201101 0000,20201101 0000,5780.0, ,AF,2020-11-01
TLC,M,15,STORAGE,20201201 0000,20201201 0000,8503.0, ,AF,2020-12-01
TLC,M,15,STORAGE,20210101 0000,20210101 0000,8225.0, ,AF,2021-01-01
TLC,M,15,STORAGE,20210201 0000,20210201 0000,7125.0, ,AF,2021-02-01
TLC,M,15,STORAGE,20210301 0000,20210301 0000,18084.0,r,AF,2021-03-01
TLC,M,15,STORAGE,20210401 0000,20210401 0000,18344.0, ,AF,2021-04-01
TLC,M,15,STORAGE,20210501 0000,20210501 0000,17700.0, ,AF,2021-05-01
TLC,M,15,STORAGE,20210601 0000,20210601 0000,16929.0, ,AF,2021-06-01
TLC,M,15,STORAGE,20210701 0000,20210701 0000,18538.0, ,AF,2021-07-01
TLC,M,15,STORAGE,20210801 0000,20210801 0000,18795.0, ,AF,2021-08-01
TLC,M,15,STORAGE,20210901 0000,20210901 0000,18718.0, ,AF,2021-09-01
TLC,M,15,STORAGE,20211001 0000,20211001 0000,12738.0, ,AF,2021-10-01
TLC,M,15,STORAGE,20211101 0000,20211101 0000,10964.0, ,AF,2021-11-01
TLC,M,15,STORAGE,20211201 0000,20211201 0000,13444.0, ,AF,2021-12-01
TLC,M,15,STORAGE,20220101 0000,20220101 0000,15527.0, ,AF,2022-01-01
TLC,M,15,STORAGE,20220201 0000,20220201 0000,15440.0, ,AF,2022-02-01
TLC,M,15,STORAGE,20220301 0000,20220301 0000,14314.0, ,AF,2022-03-01
TLC,M,15,STORAGE,20220401 0000,20220401 0000,13310.0, ,AF,2022-04-01
TLC,M,15,STORAGE,20220501 0000,20220501 0000,14235.0, ,AF,2022-05-01
TLC,M,15,STORAGE,20220601 0000,20220601 0000,12269.0, ,AF,2022-06-01
TLC,M,15,STORAGE,20220701 0000,20220701 0000,13718.0, ,AF,2022-07-01
TLC,M,15,STORAGE,20220801 0000,20220801 0000,16378.0, ,AF,2022-08-01
TLC,M,15,STORAGE,20220901 0000,20220901 0000,11807.0, ,AF,2022-09-01
TLC,M,15,STORAGE,20221001 0000,20221001 0000,4402.0, ,AF,2022-10-01
TLC,M,15,STORAGE,20221101 0000,20221101 0000,4402.0, ,AF,2022-11-01
TLC,M,15,STORAGE,20221201 0000,20221201 0000,13484.0, ,AF,2022-12-01
TLC,M,15,STORAGE,20230101 0000,20230101 0000,26849.0, ,AF,2023-01-01
TLC,M,15,STORAGE,20230201 0000,20230201 0000,27376.0, ,AF,2023-02-01
TLC,M,15,STORAGE,20230301 0000,20230301 0000,14304.0, ,AF,2023-03-01
TLC,M,15,STORAGE,20230501 0000,20230501 0000,26710.0, ,AF,2023-05-01
TLC,M,15,STORAGE,20230601 0000,20230601 0000,26867.0, ,AF,2023-06-01
TLC,M,15,STORAGE,20230701 0000,20230701 0000,27371.0, ,AF,2023-07-01
TLC,M,15,STORAGE,20230801 0000,20230801 0000,17076.0, ,AF,2023-08-01
TLC,M,15,STORAGE,20230901 0000,20230901 0000,19798.0, ,AF,2023-09-01
TLC,M,15,STORAGE,20231001 0000,20231001 0000,6680.0, ,AF,2023-10-01
TLC,M,15,STORAGE,20231101 0000,20231101 0000,4496.0, ,AF,2023-11-01
TLC,M,15,STORAGE,20231201 0000,20231201 0000,7883.0, ,AF,2023-12-01
TLC,M,15,STORAGE,20240101 0000,20240101 0000,19781.0, ,AF,2024-01-01
TLC,M,15,STORAGE,20240201 0000,20240201 0000,28587.0, ,AF,2024-02-01
TLC,M,15,STORAGE,20240301 0000,20240301 0000,28413.0, ,AF,2024-03-01
TLC,M,15,STORAGE,20240401 0000,20240401 0000,30052.0, ,AF,2024-04-01
TLC,M,15,STORAGE,20240501 0000,20240501 0000,28525.0, ,AF,2024-05-01
TLC,M,15,STORAGE,20240601 0000,20240601 0000,26659.0, ,AF,2024-06-01
TLC,M,15,STORAGE,20240701 0000,20240701 0000,28564.0, ,AF,2024-07-01
TLC,M,15,STORAGE,20240801 0000,20240801 0000,28316.0, ,AF,2024-08-01
TLC,M,15,STORAGE,20240901 0000,20240901 0000,29308.0, ,AF,2024-09-01
TLC,M,15,STORAGE,20241001 0000,20241001 0000,25446.0, ,AF,2024-10-01
TLC,M,15,STORAGE,20241101 0000,20241101 0000,22975.0, ,AF,2024-11-01
TLC,M,15,STORAGE,20241201 0000,20241201 0000,22957.0, ,AF,2024-12-01
TLC,M,15,STORAGE,20250101 0000,20250101 0000,24985.0, ,AF,2025-01-01
TLC,M,15,STORAGE,20250201 0000,20250201 0000,26932.0, ,AF,2025-02-01
TLC,M,15,STORAGE,20250301 0000,20250331 0000,26176.0, ,AF,2025-03-01
TLC,M,15,STORAGE,20250401 0000,20250430 0000,26202.0, ,AF,2025-04-01
