Year,Month,VALUE,Datetime_EOM,C2VSim_Date,Sensor,VALUE_ELEV
1955.0,10.0,4310.0,1955-10-31,10/31/1955_24:00,15,220.1407953816549
1955.0,11.0,16300.0,1955-11-30,11/30/1955_24:00,15,228.5
1955.0,12.0,31000.0,1955-12-31,12/31/1955_24:00,15,235.72779922779924
1956.0,1.0,32190.0,1956-01-31,01/31/1956_24:00,15,236.1872586872587
1956.0,2.0,29800.0,1956-02-29,02/29/1956_24:00,15,235.26447876447878
1956.0,3.0,33280.0,1956-03-31,03/31/1956_24:00,15,236.59333333333333
1956.0,4.0,40080.0,1956-04-30,04/30/1956_24:00,15,238.86
1956.0,5.0,42330.0,1956-05-31,05/31/1956_24:00,15,239.5979228486647
1956.0,6.0,43000.0,1956-06-30,06/30/1956_24:00,15,239.7967359050445
,,37000.0,1956-07-31,07/31/1956_24:00,15,237.83333333333334
1956.0,8.0,31000.0,1956-08-31,08/31/1956_24:00,15,235.72779922779924
1956.0,9.0,22780.0,1956-09-30,09/30/1956_24:00,15,232.07517241379313
1956.0,10.0,11000.0,1956-10-31,10/31/1956_24:00,15,225.28787878787878
1956.0,11.0,29000.0,1956-11-30,11/30/1956_24:00,15,234.95559845559848
1956.0,12.0,30000.0,1956-12-31,12/31/1956_24:00,15,235.34169884169881
1957.0,1.0,35600.0,1957-01-31,01/31/1957_24:00,15,237.36666666666667
1957.0,2.0,42000.0,1957-02-28,02/28/1957_24:00,15,239.5
1957.0,3.0,35500.0,1957-03-31,03/31/1957_24:00,15,237.33333333333331
1957.0,4.0,43620.0,1957-04-30,04/30/1957_24:00,15,239.9807121661721
,,40310.0,1957-05-31,05/31/1957_24:00,15,238.93666666666667
1957.0,6.0,37000.0,1957-06-30,06/30/1957_24:00,15,237.83333333333334
1957.0,7.0,30840.0,1957-07-31,07/31/1957_24:00,15,235.66602316602314
1957.0,8.0,25100.0,1957-08-31,08/31/1957_24:00,15,233.22599531615924
1957.0,9.0,23760.0,1957-09-30,09/30/1957_24:00,15,232.5983606557377
1957.0,10.0,16300.0,1957-10-31,10/31/1957_24:00,15,228.5
1957.0,11.0,14920.0,1957-11-30,11/30/1957_24:00,15,227.66363636363636
1957.0,12.0,13900.0,1957-12-31,12/31/1957_24:00,15,227.04545454545456
1958.0,1.0,29000.0,1958-01-31,01/31/1958_24:00,15,234.95559845559848
1958.0,2.0,37000.0,1958-02-28,02/28/1958_24:00,15,237.83333333333334
1958.0,3.0,37600.0,1958-03-31,03/31/1958_24:00,15,238.03333333333336
1958.0,4.0,37900.0,1958-04-30,04/30/1958_24:00,15,238.13333333333333
1958.0,5.0,42650.0,1958-05-31,05/31/1958_24:00,15,239.69287833827892
,,38105.0,1958-06-30,06/30/1958_24:00,15,238.20166666666668
1958.0,7.0,33560.0,1958-07-31,07/31/1958_24:00,15,236.6866666666667
1958.0,8.0,15270.0,1958-08-31,08/31/1958_24:00,15,227.87575757575758
1958.0,9.0,18720.0,1958-09-30,09/30/1958_24:00,15,229.83517241379315
1958.0,10.0,29060.0,1958-10-31,10/31/1958_24:00,15,234.97876447876448
1958.0,11.0,26710.0,1958-11-30,11/30/1958_24:00,15,233.980093676815
1958.0,12.0,35520.0,1958-12-31,12/31/1958_24:00,15,237.34000000000003
1959.0,1.0,34400.0,1959-01-31,01/31/1959_24:00,15,236.96666666666667
1959.0,2.0,34960.0,1959-02-28,02/28/1959_24:00,15,237.15333333333336
1959.0,3.0,37000.0,1959-03-31,03/31/1959_24:00,15,237.83333333333334
1959.0,4.0,42320.0,1959-04-30,04/30/1959_24:00,15,239.59495548961422
1959.0,5.0,41360.0,1959-05-31,05/31/1959_24:00,15,239.2866666666667
1959.0,6.0,34680.0,1959-06-30,06/30/1959_24:00,15,237.06
1959.0,7.0,13570.0,1959-07-31,07/31/1959_24:00,15,226.84545454545452
1959.0,8.0,13740.0,1959-08-31,08/31/1959_24:00,15,226.94848484848484
1959.0,9.0,11760.0,1959-09-30,09/30/1959_24:00,15,225.74848484848485
1959.0,10.0,20170.0,1959-10-31,10/31/1959_24:00,15,230.6351724137931
1959.0,11.0,30050.0,1959-11-30,11/30/1959_24:00,15,235.36100386100384
1959.0,12.0,33290.0,1959-12-31,12/31/1959_24:00,15,236.5966666666667
1960.0,1.0,31110.0,1960-01-31,01/31/1960_24:00,15,235.77027027027026
1960.0,2.0,30540.0,1960-02-29,02/29/1960_24:00,15,235.55019305019306
1960.0,3.0,36420.0,1960-03-31,03/31/1960_24:00,15,237.64
1960.0,4.0,37600.0,1960-04-30,04/30/1960_24:00,15,238.03333333333336
1960.0,5.0,27820.0,1960-05-31,05/31/1960_24:00,15,234.5
1960.0,6.0,27820.0,1960-06-30,06/30/1960_24:00,15,234.5
1960.0,7.0,19980.0,1960-07-31,07/31/1960_24:00,15,230.53034482758622
1960.0,8.0,10650.0,1960-08-31,08/31/1960_24:00,15,225.07575757575756
1960.0,9.0,4030.0,1960-09-30,09/30/1960_24:00,15,219.7815907633098
1960.0,10.0,14580.0,1960-10-31,10/31/1960_24:00,15,227.45757575757574
1960.0,11.0,23360.0,1960-11-30,11/30/1960_24:00,15,232.39517241379312
1960.0,12.0,31100.0,1960-12-31,12/31/1960_24:00,15,235.76640926640925
1961.0,1.0,37000.0,1961-01-31,01/31/1961_24:00,15,237.83333333333334
1961.0,2.0,34680.0,1961-02-28,02/28/1961_24:00,15,237.06
,,34680.0,1961-03-31,03/31/1961_24:00,15,237.06
1961.0,4.0,34680.0,1961-04-30,04/30/1961_24:00,15,237.06
1961.0,5.0,33560.0,1961-05-31,05/31/1961_24:00,15,236.6866666666667
1961.0,6.0,27820.0,1961-06-30,06/30/1961_24:00,15,234.5
1961.0,7.0,14410.0,1961-07-31,07/31/1961_24:00,15,227.35454545454547
1961.0,8.0,7540.0,1961-08-31,08/31/1961_24:00,15,222.8091976516634
1961.0,9.0,6240.0,1961-09-30,09/30/1961_24:00,15,221.79158512720159
1961.0,10.0,4590.0,1961-10-31,10/31/1961_24:00,15,220.5
,,8180.0,1961-11-30,11/30/1961_24:00,15,223.3101761252446
1961.0,12.0,11770.0,1961-12-31,12/31/1961_24:00,15,225.75454545454545
1962.0,1.0,21270.0,1962-01-31,01/31/1962_24:00,15,231.24206896551726
1962.0,2.0,25600.0,1962-02-28,02/28/1962_24:00,15,233.46018735362998
1962.0,3.0,30050.0,1962-03-31,03/31/1962_24:00,15,235.36100386100384
1962.0,4.0,23760.0,1962-04-30,04/30/1962_24:00,15,232.5983606557377
,,28380.0,1962-05-31,05/31/1962_24:00,15,234.71621621621622
1962.0,6.0,33000.0,1962-06-30,06/30/1962_24:00,15,236.5
1962.0,7.0,18900.0,1962-07-31,07/31/1962_24:00,15,229.9344827586207
1962.0,8.0,17150.0,1962-08-31,08/31/1962_24:00,15,228.96896551724137
1962.0,9.0,7950.0,1962-09-30,09/30/1962_24:00,15,223.13013698630135
1962.0,10.0,15270.0,1962-10-31,10/31/1962_24:00,15,227.87575757575758
1962.0,11.0,34960.0,1962-11-30,11/30/1962_24:00,15,237.15333333333336
1962.0,12.0,38200.0,1962-12-31,12/31/1962_24:00,15,238.23333333333335
1963.0,1.0,38800.0,1963-01-31,01/31/1963_24:00,15,238.43333333333334
1963.0,2.0,37900.0,1963-02-28,02/28/1963_24:00,15,238.13333333333333
1963.0,3.0,44600.0,1963-03-31,03/31/1963_24:00,15,240.27151335311572
,,44600.0,1963-04-30,04/30/1963_24:00,15,240.27151335311572
,,44600.0,1963-05-31,05/31/1963_24:00,15,240.27151335311572
1963.0,6.0,44600.0,1963-06-30,06/30/1963_24:00,15,240.27151335311572
1963.0,7.0,34120.0,1963-07-31,07/31/1963_24:00,15,236.87333333333336
1963.0,8.0,25190.0,1963-08-31,08/31/1963_24:00,15,233.26814988290397
1963.0,9.0,11440.0,1963-09-30,09/30/1963_24:00,15,225.55454545454546
1963.0,10.0,18720.0,1963-10-31,10/31/1963_24:00,15,229.83517241379315
1963.0,11.0,33560.0,1963-11-30,11/30/1963_24:00,15,236.6866666666667
1963.0,12.0,32190.0,1963-12-31,12/31/1963_24:00,15,236.1872586872587
1964.0,1.0,31380.0,1964-01-31,01/31/1964_24:00,15,235.87451737451735
1964.0,2.0,36700.0,1964-02-29,02/29/1964_24:00,15,237.73333333333335
1964.0,3.0,28560.0,1964-03-31,03/31/1964_24:00,15,234.78571428571428
1964.0,4.0,37000.0,1964-04-30,04/30/1964_24:00,15,237.83333333333334
1964.0,5.0,39120.0,1964-05-31,05/31/1964_24:00,15,238.54000000000002
1964.0,6.0,28320.0,1964-06-30,06/30/1964_24:00,15,234.6930501930502
1964.0,7.0,21830.0,1964-07-31,07/31/1964_24:00,15,231.5510344827586
1964.0,8.0,18180.0,1964-08-31,08/31/1964_24:00,15,229.53724137931033
1964.0,9.0,17830.0,1964-09-30,09/30/1964_24:00,15,229.34413793103448
1964.0,10.0,25400.0,1964-10-31,10/31/1964_24:00,15,233.36651053864168
1964.0,11.0,31650.0,1964-11-30,11/30/1964_24:00,15,235.97876447876448
1964.0,12.0,35520.0,1964-12-31,12/31/1964_24:00,15,237.34000000000003
1965.0,1.0,34960.0,1965-01-31,01/31/1965_24:00,15,237.15333333333336
1965.0,2.0,33000.0,1965-02-28,02/28/1965_24:00,15,236.5
1965.0,3.0,37900.0,1965-03-31,03/31/1965_24:00,15,238.13333333333333
1965.0,4.0,41040.0,1965-04-30,04/30/1965_24:00,15,239.18
1965.0,5.0,43620.0,1965-05-31,05/31/1965_24:00,15,239.9807121661721
,,36590.0,1965-06-30,06/30/1965_24:00,15,237.6966666666667
1965.0,7.0,29560.0,1965-07-31,07/31/1965_24:00,15,235.17181467181467
1965.0,8.0,23760.0,1965-08-31,08/31/1965_24:00,15,232.5983606557377
1965.0,9.0,42000.0,1965-09-30,09/30/1965_24:00,15,239.5
1965.0,10.0,31380.0,1965-10-31,10/31/1965_24:00,15,235.87451737451735
1965.0,11.0,31920.0,1965-11-30,11/30/1965_24:00,15,236.0830115830116
1965.0,12.0,32190.0,1965-12-31,12/31/1965_24:00,15,236.1872586872587
1966.0,1.0,31650.0,1966-01-31,01/31/1966_24:00,15,235.97876447876448
1966.0,2.0,29800.0,1966-02-28,02/28/1966_24:00,15,235.26447876447878
1966.0,3.0,25820.0,1966-03-31,03/31/1966_24:00,15,233.56323185011712
1966.0,4.0,34400.0,1966-04-30,04/30/1966_24:00,15,236.96666666666667
1966.0,5.0,42980.0,1966-05-31,05/31/1966_24:00,15,239.7908011869436
1966.0,6.0,42980.0,1966-06-30,06/30/1966_24:00,15,239.7908011869436
1966.0,7.0,15960.0,1966-07-31,07/31/1966_24:00,15,228.29393939393938
1966.0,8.0,13240.0,1966-08-31,08/31/1966_24:00,15,226.64545454545453
1966.0,9.0,9260.0,1966-09-30,09/30/1966_24:00,15,224.15557729941293
1966.0,10.0,11770.0,1966-10-31,10/31/1966_24:00,15,225.75454545454545
1966.0,11.0,37000.0,1966-11-30,11/30/1966_24:00,15,237.83333333333334
1966.0,12.0,41680.0,1966-12-31,12/31/1966_24:00,15,239.39333333333335
1967.0,1.0,41680.0,1967-01-31,01/31/1967_24:00,15,239.39333333333335
1967.0,2.0,41040.0,1967-02-28,02/28/1967_24:00,15,239.18
1967.0,3.0,40720.0,1967-03-31,03/31/1967_24:00,15,239.07333333333335
1967.0,4.0,44280.0,1967-04-30,04/30/1967_24:00,15,240.1765578635015
1967.0,5.0,34120.0,1967-05-31,05/31/1967_24:00,15,236.87333333333336
1967.0,6.0,39440.0,1967-06-30,06/30/1967_24:00,15,238.64666666666668
1967.0,7.0,36100.0,1967-07-31,07/31/1967_24:00,15,237.53333333333333
,,35250.0,1967-08-31,08/31/1967_24:00,15,237.25
1967.0,9.0,34400.0,1967-09-30,09/30/1967_24:00,15,236.96666666666667
1967.0,10.0,37300.0,1967-10-31,10/31/1967_24:00,15,237.93333333333334
1967.0,11.0,33840.0,1967-11-30,11/30/1967_24:00,15,236.78
1967.0,12.0,31110.0,1967-12-31,12/31/1967_24:00,15,235.77027027027026
1968.0,1.0,29310.0,1968-01-31,01/31/1968_24:00,15,235.07528957528956
1968.0,2.0,40400.0,1968-02-29,02/29/1968_24:00,15,238.9666666666667
1968.0,3.0,37300.0,1968-03-31,03/31/1968_24:00,15,237.93333333333334
1968.0,4.0,27820.0,1968-04-30,04/30/1968_24:00,15,234.5
1968.0,5.0,41040.0,1968-05-31,05/31/1968_24:00,15,239.18
1968.0,6.0,33560.0,1968-06-30,06/30/1968_24:00,15,236.6866666666667
1968.0,7.0,9860.0,1968-07-31,07/31/1968_24:00,15,224.59696969696967
1968.0,8.0,13570.0,1968-08-31,08/31/1968_24:00,15,226.84545454545452
1968.0,9.0,4690.0,1968-09-30,09/30/1968_24:00,15,220.57827788649706
1968.0,10.0,26710.0,1968-10-31,10/31/1968_24:00,15,233.980093676815
1968.0,11.0,37900.0,1968-11-30,11/30/1968_24:00,15,238.13333333333333
1968.0,12.0,41360.0,1968-12-31,12/31/1968_24:00,15,239.2866666666667
,,41680.0,1969-01-31,01/31/1969_24:00,15,239.39333333333335
1969.0,2.0,42000.0,1969-02-28,02/28/1969_24:00,15,239.5
1969.0,3.0,35520.0,1969-03-31,03/31/1969_24:00,15,237.34000000000003
1969.0,4.0,36400.0,1969-04-30,04/30/1969_24:00,15,237.63333333333335
1969.0,5.0,42320.0,1969-05-31,05/31/1969_24:00,15,239.59495548961422
1969.0,6.0,40400.0,1969-06-30,06/30/1969_24:00,15,238.9666666666667
1969.0,7.0,33000.0,1969-07-31,07/31/1969_24:00,15,236.5
1969.0,8.0,19080.0,1969-08-31,08/31/1969_24:00,15,230.0337931034483
1969.0,9.0,41360.0,1969-09-30,09/30/1969_24:00,15,239.2866666666667
1969.0,10.0,18180.0,1969-10-31,10/31/1969_24:00,15,229.53724137931033
,,24915.0,1969-11-30,11/30/1969_24:00,15,233.13934426229508
1969.0,12.0,31650.0,1969-12-31,12/31/1969_24:00,15,235.97876447876448
1970.0,1.0,34960.0,1970-01-31,01/31/1970_24:00,15,237.15333333333336
1970.0,2.0,32730.0,1970-02-28,02/28/1970_24:00,15,236.39575289575288
1970.0,3.0,28810.0,1970-03-31,03/31/1970_24:00,15,234.8822393822394
1970.0,4.0,41360.0,1970-04-30,04/30/1970_24:00,15,239.2866666666667
1970.0,5.0,42000.0,1970-05-31,05/31/1970_24:00,15,239.5
1970.0,6.0,44600.0,1970-06-30,06/30/1970_24:00,15,240.27151335311572
1970.0,7.0,23550.0,1970-07-31,07/31/1970_24:00,15,232.5
1970.0,8.0,24800.0,1970-08-31,08/31/1970_24:00,15,233.08548009367684
1970.0,9.0,15960.0,1970-09-30,09/30/1970_24:00,15,228.29393939393938
1970.0,10.0,11280.0,1970-10-31,10/31/1970_24:00,15,225.45757575757574
1970.0,11.0,10330.0,1970-11-30,11/30/1970_24:00,15,224.88181818181818
1970.0,12.0,10020.0,1970-12-31,12/31/1970_24:00,15,224.6939393939394
1971.0,1.0,33290.0,1971-01-31,01/31/1971_24:00,15,236.5966666666667
1971.0,2.0,34400.0,1971-02-28,02/28/1971_24:00,15,236.96666666666667
1971.0,3.0,40080.0,1971-03-31,03/31/1971_24:00,15,238.86
1971.0,4.0,26490.0,1971-04-30,04/30/1971_24:00,15,233.87704918032787
1971.0,5.0,34120.0,1971-05-31,05/31/1971_24:00,15,236.87333333333336
1971.0,6.0,22210.0,1971-06-30,06/30/1971_24:00,15,231.76068965517243
1971.0,7.0,22780.0,1971-07-31,07/31/1971_24:00,15,232.07517241379313
1971.0,8.0,18360.0,1971-08-31,08/31/1971_24:00,15,229.63655172413792
1971.0,9.0,9400.0,1971-09-30,09/30/1971_24:00,15,224.2651663405088
1971.0,10.0,26490.0,1971-10-31,10/31/1971_24:00,15,233.87704918032787
1971.0,11.0,28070.0,1971-11-30,11/30/1971_24:00,15,234.59652509652508
1971.0,12.0,25240.0,1971-12-31,12/31/1971_24:00,15,233.29156908665107
1972.0,1.0,33840.0,1972-01-31,01/31/1972_24:00,15,236.78
1972.0,2.0,30840.0,1972-02-29,02/29/1972_24:00,15,235.66602316602314
1972.0,3.0,18360.0,1972-03-31,03/31/1972_24:00,15,229.63655172413792
1972.0,4.0,21080.0,1972-04-30,04/30/1972_24:00,15,231.13724137931035
1972.0,5.0,16640.0,1972-05-31,05/31/1972_24:00,15,228.68758620689658
1972.0,6.0,16840.0,1972-06-30,06/30/1972_24:00,15,228.79793103448276
1972.0,7.0,16840.0,1972-07-31,07/31/1972_24:00,15,228.79793103448276
1972.0,8.0,13070.0,1972-08-31,08/31/1972_24:00,15,226.54242424242423
1972.0,9.0,11120.0,1972-09-30,09/30/1972_24:00,15,225.36060606060605
1972.0,10.0,24780.0,1972-10-31,10/31/1972_24:00,15,233.07611241217796
1972.0,11.0,32730.0,1972-11-30,11/30/1972_24:00,15,236.39575289575288
1972.0,12.0,27820.0,1972-12-31,12/31/1972_24:00,15,234.5
1973.0,1.0,31380.0,1973-01-31,01/31/1973_24:00,15,235.87451737451735
1973.0,2.0,33560.0,1973-02-28,02/28/1973_24:00,15,236.6866666666667
1973.0,3.0,30840.0,1973-03-31,03/31/1973_24:00,15,235.66602316602314
1973.0,4.0,11440.0,1973-04-30,04/30/1973_24:00,15,225.55454545454546
1973.0,5.0,15100.0,1973-05-31,05/31/1973_24:00,15,227.77272727272728
1973.0,6.0,19620.0,1973-06-30,06/30/1973_24:00,15,230.33172413793105
1973.0,7.0,29060.0,1973-07-31,07/31/1973_24:00,15,234.97876447876448
1973.0,8.0,20900.0,1973-08-31,08/31/1973_24:00,15,231.03793103448277
1973.0,9.0,28560.0,1973-09-30,09/30/1973_24:00,15,234.78571428571428
1973.0,10.0,24370.0,1973-10-31,10/31/1973_24:00,15,232.884074941452
1973.0,11.0,24370.0,1973-11-30,11/30/1973_24:00,15,232.884074941452
1973.0,12.0,34400.0,1973-12-31,12/31/1973_24:00,15,236.96666666666667
1974.0,1.0,29560.0,1974-01-31,01/31/1974_24:00,15,235.17181467181467
1974.0,2.0,31650.0,1974-02-28,02/28/1974_24:00,15,235.97876447876448
1974.0,3.0,22210.0,1974-03-31,03/31/1974_24:00,15,231.76068965517243
1974.0,4.0,24780.0,1974-04-30,04/30/1974_24:00,15,233.07611241217796
1974.0,5.0,28810.0,1974-05-31,05/31/1974_24:00,15,234.8822393822394
1974.0,6.0,26270.0,1974-06-30,06/30/1974_24:00,15,233.77400468384076
1974.0,7.0,29800.0,1974-07-31,07/31/1974_24:00,15,235.26447876447878
1974.0,8.0,21830.0,1974-08-31,08/31/1974_24:00,15,231.5510344827586
1974.0,9.0,22590.0,1974-09-30,09/30/1974_24:00,15,231.9703448275862
1974.0,10.0,10810.0,1974-10-31,10/31/1974_24:00,15,225.1727272727273
1974.0,11.0,16300.0,1974-11-30,11/30/1974_24:00,15,228.5
1974.0,12.0,36700.0,1974-12-31,12/31/1974_24:00,15,237.73333333333335
1975.0,1.0,35520.0,1975-01-31,01/31/1975_24:00,15,237.34000000000003
1975.0,2.0,35800.0,1975-02-28,02/28/1975_24:00,15,237.43333333333334
1975.0,3.0,30840.0,1975-03-31,03/31/1975_24:00,15,235.66602316602314
1975.0,4.0,26710.0,1975-04-30,04/30/1975_24:00,15,233.980093676815
1975.0,5.0,24170.0,1975-05-31,05/31/1975_24:00,15,232.79039812646369
1975.0,6.0,31920.0,1975-06-30,06/30/1975_24:00,15,236.0830115830116
1975.0,7.0,36700.0,1975-07-31,07/31/1975_24:00,15,237.73333333333335
1975.0,8.0,23960.0,1975-08-31,08/31/1975_24:00,15,232.692037470726
1975.0,9.0,17150.0,1975-09-30,09/30/1975_24:00,15,228.96896551724137
1975.0,10.0,9110.0,1975-10-31,10/31/1975_24:00,15,224.03816046966733
1975.0,11.0,22210.0,1975-11-30,11/30/1975_24:00,15,231.76068965517243
1975.0,12.0,17660.0,1975-12-31,12/31/1975_24:00,15,229.25034482758622
1976.0,1.0,17490.0,1976-01-31,01/31/1976_24:00,15,229.15655172413796
1976.0,2.0,29060.0,1976-02-29,02/29/1976_24:00,15,234.97876447876448
1976.0,3.0,8220.0,1976-03-31,03/31/1976_24:00,15,223.34148727984345
1976.0,4.0,26040.0,1976-04-30,04/30/1976_24:00,15,233.6662763466042
1976.0,5.0,16470.0,1976-05-31,05/31/1976_24:00,15,228.5937931034483
1976.0,6.0,28070.0,1976-06-30,06/30/1976_24:00,15,234.59652509652508
1976.0,7.0,17830.0,1976-07-31,07/31/1976_24:00,15,229.34413793103448
1976.0,8.0,26930.0,1976-08-31,08/31/1976_24:00,15,234.0831381733021
1976.0,9.0,11120.0,1976-09-30,09/30/1976_24:00,15,225.36060606060605
1976.0,10.0,17660.0,1976-10-31,10/31/1976_24:00,15,229.25034482758622
1976.0,11.0,25600.0,1976-11-30,11/30/1976_24:00,15,233.46018735362998
1976.0,12.0,23550.0,1976-12-31,12/31/1976_24:00,15,232.5
1977.0,1.0,31650.0,1977-01-31,01/31/1977_24:00,15,235.97876447876448
1977.0,2.0,29800.0,1977-02-28,02/28/1977_24:00,15,235.26447876447878
1977.0,3.0,20530.0,1977-03-31,03/31/1977_24:00,15,230.83379310344827
1977.0,4.0,22020.0,1977-04-30,04/30/1977_24:00,15,231.65586206896552
1977.0,5.0,12250.0,1977-05-31,05/31/1977_24:00,15,226.04545454545453
1977.0,6.0,13070.0,1977-06-30,06/30/1977_24:00,15,226.54242424242423
1977.0,7.0,9260.0,1977-07-31,07/31/1977_24:00,15,224.15557729941293
1977.0,8.0,8220.0,1977-08-31,08/31/1977_24:00,15,223.34148727984345
1977.0,9.0,5520.0,1977-09-30,09/30/1977_24:00,15,221.22798434442274
,,11125.0,1977-10-31,10/31/1977_24:00,15,225.36363636363637
,,16730.0,1977-11-30,11/30/1977_24:00,15,228.73724137931038
,,22335.0,1977-12-31,12/31/1977_24:00,15,231.8296551724138
1978.0,1.0,27940.0,1978-01-31,01/31/1978_24:00,15,234.54633204633205
1978.0,2.0,20900.0,1978-02-28,02/28/1978_24:00,15,231.03793103448277
1978.0,3.0,31110.0,1978-03-31,03/31/1978_24:00,15,235.77027027027026
1978.0,4.0,35000.0,1978-04-30,04/30/1978_24:00,15,237.16666666666669
1978.0,5.0,44600.0,1978-05-31,05/31/1978_24:00,15,240.27151335311572
1978.0,6.0,21830.0,1978-06-30,06/30/1978_24:00,15,231.5510344827586
1978.0,7.0,19980.0,1978-07-31,07/31/1978_24:00,15,230.53034482758622
1978.0,8.0,34370.0,1978-08-31,08/31/1978_24:00,15,236.95666666666668
1978.0,9.0,18900.0,1978-09-30,09/30/1978_24:00,15,229.9344827586207
1978.0,10.0,5210.0,1978-10-31,10/31/1978_24:00,15,220.9853228962818
1978.0,11.0,14580.0,1978-11-30,11/30/1978_24:00,15,227.45757575757574
1978.0,12.0,25820.0,1978-12-31,12/31/1978_24:00,15,233.56323185011712
1979.0,1.0,27150.0,1979-01-31,01/31/1979_24:00,15,234.18618266978925
1979.0,2.0,28560.0,1979-02-28,02/28/1979_24:00,15,234.78571428571428
1979.0,3.0,22780.0,1979-03-31,03/31/1979_24:00,15,232.07517241379313
1979.0,4.0,23360.0,1979-04-30,04/30/1979_24:00,15,232.39517241379312
1979.0,5.0,22590.0,1979-05-31,05/31/1979_24:00,15,231.9703448275862
1979.0,6.0,24160.0,1979-06-30,06/30/1979_24:00,15,232.78571428571428
1979.0,7.0,24370.0,1979-07-31,07/31/1979_24:00,15,232.884074941452
1979.0,8.0,22020.0,1979-08-31,08/31/1979_24:00,15,231.65586206896552
1979.0,9.0,9860.0,1979-09-30,09/30/1979_24:00,15,224.59696969696967
1979.0,10.0,4120.0,1979-10-31,10/31/1979_24:00,15,219.897049390635
,,5080.0,1979-11-30,11/30/1979_24:00,15,220.88356164383563
,,6040.0,1979-12-31,12/31/1979_24:00,15,221.63502935420743
1980.0,1.0,7000.0,1980-01-31,01/31/1980_24:00,15,222.38649706457926
1980.0,2.0,6120.0,1980-02-29,02/29/1980_24:00,15,221.6976516634051
1980.0,3.0,18900.0,1980-03-31,03/31/1980_24:00,15,229.9344827586207
1980.0,4.0,26490.0,1980-04-30,04/30/1980_24:00,15,233.87704918032787
1980.0,5.0,27600.0,1980-05-31,05/31/1980_24:00,15,234.39695550351288
1980.0,6.0,27150.0,1980-06-30,06/30/1980_24:00,15,234.18618266978925
1980.0,7.0,38800.0,1980-07-31,07/31/1980_24:00,15,238.43333333333334
1980.0,8.0,41040.0,1980-08-31,08/31/1980_24:00,15,239.18
1980.0,9.0,40080.0,1980-09-30,09/30/1980_24:00,15,238.86
1980.0,10.0,8670.0,1980-10-31,10/31/1980_24:00,15,223.69373776908026
1980.0,11.0,14920.0,1980-11-30,11/30/1980_24:00,15,227.66363636363636
1980.0,12.0,25190.0,1980-12-31,12/31/1980_24:00,15,233.26814988290397
1981.0,1.0,20720.0,1981-01-31,01/31/1981_24:00,15,230.93862068965518
1981.0,2.0,20350.0,1981-02-28,02/28/1981_24:00,15,230.7344827586207
1981.0,3.0,37600.0,1981-03-31,03/31/1981_24:00,15,238.03333333333336
1981.0,4.0,35800.0,1981-04-30,04/30/1981_24:00,15,237.43333333333334
1981.0,5.0,37900.0,1981-05-31,05/31/1981_24:00,15,238.13333333333333
1981.0,6.0,42320.0,1981-06-30,06/30/1981_24:00,15,239.59495548961422
1981.0,7.0,38500.0,1981-07-31,07/31/1981_24:00,15,238.33333333333334
1981.0,8.0,36400.0,1981-08-31,08/31/1981_24:00,15,237.63333333333335
1981.0,9.0,32190.0,1981-09-30,09/30/1981_24:00,15,236.1872586872587
1981.0,10.0,20900.0,1981-10-31,10/31/1981_24:00,15,231.03793103448277
1981.0,11.0,24990.0,1981-11-30,11/30/1981_24:00,15,233.17447306791567
1981.0,12.0,29800.0,1981-12-31,12/31/1981_24:00,15,235.26447876447878
1982.0,1.0,29560.0,1982-01-31,01/31/1982_24:00,15,235.17181467181467
1982.0,2.0,30300.0,1982-02-28,02/28/1982_24:00,15,235.45752895752895
1982.0,3.0,25820.0,1982-03-31,03/31/1982_24:00,15,233.56323185011712
1982.0,4.0,37000.0,1982-04-30,04/30/1982_24:00,15,237.83333333333334
1982.0,5.0,36700.0,1982-05-31,05/31/1982_24:00,15,237.73333333333335
1982.0,6.0,35240.0,1982-06-30,06/30/1982_24:00,15,237.24666666666667
1982.0,7.0,38200.0,1982-07-31,07/31/1982_24:00,15,238.23333333333335
1982.0,8.0,36100.0,1982-08-31,08/31/1982_24:00,15,237.53333333333333
1982.0,9.0,27150.0,1982-09-30,09/30/1982_24:00,15,234.18618266978925
1982.0,10.0,11770.0,1982-10-31,10/31/1982_24:00,15,225.75454545454545
1982.0,11.0,20900.0,1982-11-30,11/30/1982_24:00,15,231.03793103448277
1982.0,12.0,19260.0,1982-12-31,12/31/1982_24:00,15,230.13310344827588
1983.0,1.0,21450.0,1983-01-31,01/31/1983_24:00,15,231.34137931034485
1983.0,2.0,24160.0,1983-02-28,02/28/1983_24:00,15,232.78571428571428
1983.0,3.0,28560.0,1983-03-31,03/31/1983_24:00,15,234.78571428571428
1983.0,4.0,25600.0,1983-04-30,04/30/1983_24:00,15,233.46018735362998
1983.0,5.0,33560.0,1983-05-31,05/31/1983_24:00,15,236.6866666666667
1983.0,6.0,28810.0,1983-06-30,06/30/1983_24:00,15,234.8822393822394
1983.0,7.0,30840.0,1983-07-31,07/31/1983_24:00,15,235.66602316602314
1983.0,8.0,39760.0,1983-08-31,08/31/1983_24:00,15,238.75333333333333
1983.0,9.0,39120.0,1983-09-30,09/30/1983_24:00,15,238.54000000000002
1983.0,10.0,7540.0,1983-10-31,10/31/1983_24:00,15,222.8091976516634
,,20000.0,1983-11-30,11/30/1983_24:00,15,230.54137931034484
1983.0,12.0,32460.0,1983-12-31,12/31/1983_24:00,15,236.29150579150578
1984.0,1.0,28070.0,1984-01-31,01/31/1984_24:00,15,234.59652509652508
1984.0,2.0,34780.0,1984-02-29,02/29/1984_24:00,15,237.09333333333333
1984.0,3.0,26710.0,1984-03-31,03/31/1984_24:00,15,233.980093676815
1984.0,4.0,31380.0,1984-04-30,04/30/1984_24:00,15,235.87451737451735
1984.0,5.0,36400.0,1984-05-31,05/31/1984_24:00,15,237.63333333333335
1984.0,6.0,39440.0,1984-06-30,06/30/1984_24:00,15,238.64666666666668
1984.0,7.0,33840.0,1984-07-31,07/31/1984_24:00,15,236.78
1984.0,8.0,42650.0,1984-08-31,08/31/1984_24:00,15,239.69287833827892
1984.0,9.0,33000.0,1984-09-30,09/30/1984_24:00,15,236.5
1984.0,10.0,12410.0,1984-10-31,10/31/1984_24:00,15,226.14242424242423
1984.0,11.0,28070.0,1984-11-30,11/30/1984_24:00,15,234.59652509652508
1984.0,12.0,29310.0,1984-12-31,12/31/1984_24:00,15,235.07528957528956
1985.0,1.0,27380.0,1985-01-31,01/31/1985_24:00,15,234.29391100702577
1985.0,2.0,24370.0,1985-02-28,02/28/1985_24:00,15,232.884074941452
1985.0,3.0,32460.0,1985-03-31,03/31/1985_24:00,15,236.29150579150578
1985.0,4.0,43300.0,1985-04-30,04/30/1985_24:00,15,239.88575667655786
1985.0,5.0,41680.0,1985-05-31,05/31/1985_24:00,15,239.39333333333335
1985.0,6.0,33000.0,1985-06-30,06/30/1985_24:00,15,236.5
1985.0,7.0,33000.0,1985-07-31,07/31/1985_24:00,15,236.5
1985.0,8.0,29800.0,1985-08-31,08/31/1985_24:00,15,235.26447876447878
1985.0,9.0,21080.0,1985-09-30,09/30/1985_24:00,15,231.13724137931035
1985.0,10.0,6360.0,1985-10-31,10/31/1985_24:00,15,221.88551859099806
1985.0,11.0,16980.0,1985-11-30,11/30/1985_24:00,15,228.8751724137931
1985.0,12.0,33560.0,1985-12-31,12/31/1985_24:00,15,236.6866666666667
1986.0,1.0,31920.0,1986-01-31,01/31/1986_24:00,15,236.0830115830116
1986.0,2.0,32460.0,1986-02-28,02/28/1986_24:00,15,236.29150579150578
1986.0,3.0,31380.0,1986-03-31,03/31/1986_24:00,15,235.87451737451735
1986.0,4.0,38800.0,1986-04-30,04/30/1986_24:00,15,238.43333333333334
1986.0,5.0,41360.0,1986-05-31,05/31/1986_24:00,15,239.2866666666667
1986.0,6.0,42650.0,1986-06-30,06/30/1986_24:00,15,239.69287833827892
1986.0,7.0,32730.0,1986-07-31,07/31/1986_24:00,15,236.39575289575288
1986.0,8.0,32460.0,1986-08-31,08/31/1986_24:00,15,236.29150579150578
1986.0,9.0,17490.0,1986-09-30,09/30/1986_24:00,15,229.15655172413796
1986.0,10.0,18720.0,1986-10-31,10/31/1986_24:00,15,229.83517241379315
1986.0,11.0,11930.0,1986-11-30,11/30/1986_24:00,15,225.85151515151517
1986.0,12.0,18900.0,1986-12-31,12/31/1986_24:00,15,229.9344827586207
1987.0,1.0,11440.0,1987-01-31,01/31/1987_24:00,15,225.55454545454546
1987.0,2.0,27150.0,1987-02-28,02/28/1987_24:00,15,234.18618266978925
1987.0,3.0,39440.0,1987-03-31,03/31/1987_24:00,15,238.64666666666668
1987.0,4.0,30050.0,1987-04-30,04/30/1987_24:00,15,235.36100386100384
1987.0,5.0,27820.0,1987-05-31,05/31/1987_24:00,15,234.5
1987.0,6.0,37600.0,1987-06-30,06/30/1987_24:00,15,238.03333333333336
1987.0,7.0,29804.0,1987-07-31,07/31/1987_24:00,15,235.26602316602316
1987.0,8.0,37380.0,1987-08-31,08/31/1987_24:00,15,237.95999999999998
1987.0,9.0,30840.0,1987-09-30,09/30/1987_24:00,15,235.66602316602314
1987.0,10.0,10648.0,1987-10-31,10/31/1987_24:00,15,225.07454545454544
1987.0,11.0,29060.0,1987-11-30,11/30/1987_24:00,15,234.97876447876448
1987.0,12.0,28564.0,1987-12-31,12/31/1987_24:00,15,234.78725868725869
1988.0,1.0,26488.0,1988-01-31,01/31/1988_24:00,15,233.87611241217797
1988.0,2.0,24165.0,1988-02-29,02/29/1988_24:00,15,232.78805620608898
1988.0,3.0,24370.0,1988-03-31,03/31/1988_24:00,15,232.884074941452
1988.0,4.0,37000.0,1988-04-30,04/30/1988_24:00,15,237.83333333333334
1988.0,5.0,27376.0,1988-05-31,05/31/1988_24:00,15,234.292037470726
1988.0,6.0,23167.0,1988-06-30,06/30/1988_24:00,15,232.28868965517242
1988.0,7.0,31380.0,1988-07-31,07/31/1988_24:00,15,235.87451737451735
1988.0,8.0,17320.0,1988-08-31,08/31/1988_24:00,15,229.0627586206897
1988.0,9.0,8667.0,1988-09-30,09/30/1988_24:00,15,223.69138943248532
,,7217.5,1988-10-31,10/31/1988_24:00,15,222.5567514677104
1988.0,11.0,5768.0,1988-11-30,11/30/1988_24:00,15,221.42211350293542
1988.0,12.0,5521.0,1988-12-31,12/31/1988_24:00,15,221.22876712328767
1989.0,1.0,4900.0,1989-01-31,01/31/1989_24:00,15,220.74266144814092
1989.0,2.0,4308.0,1989-02-28,02/28/1989_24:00,15,220.13822963438102
1989.0,3.0,15096.0,1989-03-31,03/31/1989_24:00,15,227.770303030303
1989.0,4.0,23755.0,1989-04-30,04/30/1989_24:00,15,232.59601873536297
1989.0,5.0,20534.0,1989-05-31,05/31/1989_24:00,15,230.83600000000004
1989.0,6.0,22780.0,1989-06-30,06/30/1989_24:00,15,232.07517241379313
1989.0,7.0,25600.0,1989-07-31,07/31/1989_24:00,15,233.46018735362998
1989.0,8.0,23550.0,1989-08-31,08/31/1989_24:00,15,232.5
1989.0,9.0,21635.0,1989-09-30,09/30/1989_24:00,15,231.4434482758621
1989.0,10.0,15268.0,1989-10-31,10/31/1989_24:00,15,227.87454545454545
1989.0,11.0,17150.0,1989-11-30,11/30/1989_24:00,15,228.96896551724137
1989.0,12.0,19983.0,1989-12-31,12/31/1989_24:00,15,230.53199999999998
1990.0,1.0,22209.0,1990-01-31,01/31/1990_24:00,15,231.76013793103448
1990.0,2.0,24165.0,1990-02-28,02/28/1990_24:00,15,232.78805620608898
1990.0,3.0,21826.0,1990-03-31,03/31/1990_24:00,15,231.5488275862069
1990.0,4.0,23167.0,1990-04-30,04/30/1990_24:00,15,232.28868965517242
1990.0,5.0,25395.0,1990-05-31,05/31/1990_24:00,15,233.36416861826694
1990.0,6.0,18900.0,1990-06-30,06/30/1990_24:00,15,229.9344827586207
1990.0,7.0,20350.0,1990-07-31,07/31/1990_24:00,15,230.7344827586207
1990.0,8.0,22209.0,1990-08-31,08/31/1990_24:00,15,231.76013793103448
1990.0,9.0,3838.0,1990-09-30,09/30/1990_24:00,15,219.535279025016
1990.0,10.0,4693.0,1990-10-31,10/31/1990_24:00,15,220.58062622309197
1990.0,11.0,4693.0,1990-11-30,11/30/1990_24:00,15,220.58062622309197
1990.0,12.0,9552.0,1990-12-31,12/31/1990_24:00,15,224.38414872798435
1991.0,1.0,15096.0,1991-01-31,01/31/1991_24:00,15,227.770303030303
1991.0,2.0,17660.0,1991-02-28,02/28/1991_24:00,15,229.25034482758622
1991.0,3.0,21635.0,1991-03-31,03/31/1991_24:00,15,231.4434482758621
1991.0,4.0,18000.0,1991-04-30,04/30/1991_24:00,15,229.43793103448277
1991.0,5.0,24780.0,1991-05-31,05/31/1991_24:00,15,233.07611241217796
1991.0,6.0,26932.0,1991-06-30,06/30/1991_24:00,15,234.084074941452
1991.0,7.0,24780.0,1991-07-31,07/31/1991_24:00,15,233.07611241217796
1991.0,8.0,27500.0,1991-08-31,08/31/1991_24:00,15,234.35011709601875
1991.0,9.0,11122.0,1991-09-30,09/30/1991_24:00,15,225.3618181818182
1991.0,10.0,6850.0,1991-10-31,10/31/1991_24:00,15,222.26908023483367
1991.0,11.0,7950.0,1991-11-30,11/30/1991_24:00,15,223.13013698630135
1991.0,12.0,10648.0,1991-12-31,12/31/1991_24:00,15,225.07454545454544
1992.0,1.0,14412.0,1992-01-31,01/31/1992_24:00,15,227.3557575757576
1992.0,2.0,16300.0,1992-02-29,02/29/1992_24:00,15,228.5
1992.0,3.0,24370.0,1992-03-31,03/31/1992_24:00,15,232.884074941452
1992.0,4.0,31110.0,1992-04-30,04/30/1992_24:00,15,235.77027027027026
1992.0,5.0,29804.0,1992-05-31,05/31/1992_24:00,15,235.26602316602316
1992.0,6.0,23358.0,1992-06-30,06/30/1992_24:00,15,232.39406896551725
1992.0,7.0,23358.0,1992-07-31,07/31/1992_24:00,15,232.39406896551725
1992.0,8.0,24165.0,1992-08-31,08/31/1992_24:00,15,232.78805620608898
1992.0,9.0,15096.0,1992-09-30,09/30/1992_24:00,15,227.770303030303
1992.0,10.0,9110.0,1992-10-31,10/31/1992_24:00,15,224.03816046966733
1992.0,11.0,13236.0,1992-11-30,11/30/1992_24:00,15,226.6430303030303
1992.0,12.0,18360.0,1992-12-31,12/31/1992_24:00,15,229.63655172413792
1993.0,1.0,22784.0,1993-01-31,01/31/1993_24:00,15,232.07737931034484
1993.0,2.0,23755.0,1993-02-28,02/28/1993_24:00,15,232.59601873536297
1993.0,3.0,33560.0,1993-03-31,03/31/1993_24:00,15,236.6866666666667
1993.0,4.0,35800.0,1993-04-30,04/30/1993_24:00,15,237.43333333333334
1993.0,5.0,38500.0,1993-05-31,05/31/1993_24:00,15,238.33333333333334
1993.0,6.0,26710.0,1993-06-30,06/30/1993_24:00,15,233.980093676815
1993.0,7.0,26044.0,1993-07-31,07/31/1993_24:00,15,233.66814988290398
1993.0,8.0,26488.0,1993-08-31,08/31/1993_24:00,15,233.87611241217797
1993.0,9.0,21084.0,1993-09-30,09/30/1993_24:00,15,231.13944827586207
1993.0,10.0,9110.0,1993-10-31,10/31/1993_24:00,15,224.03816046966733
1993.0,11.0,11122.0,1993-11-30,11/30/1993_24:00,15,225.3618181818182
1993.0,12.0,14462.0,1993-12-31,12/31/1993_24:00,15,227.38606060606062
1994.0,1.0,18360.0,1994-01-31,01/31/1994_24:00,15,229.63655172413792
1994.0,2.0,24575.0,1994-02-28,02/28/1994_24:00,15,232.980093676815
1994.0,3.0,26488.0,1994-03-31,03/31/1994_24:00,15,233.87611241217797
1994.0,4.0,37300.0,1994-04-30,04/30/1994_24:00,15,237.93333333333334
1994.0,5.0,31110.0,1994-05-31,05/31/1994_24:00,15,235.77027027027026
1994.0,6.0,30300.0,1994-06-30,06/30/1994_24:00,15,235.45752895752895
1994.0,7.0,25190.0,1994-07-31,07/31/1994_24:00,15,233.26814988290397
1994.0,8.0,31920.0,1994-08-31,08/31/1994_24:00,15,236.0830115830116
1994.0,9.0,18180.0,1994-09-30,09/30/1994_24:00,15,229.53724137931033
1994.0,10.0,7950.0,1994-10-31,10/31/1994_24:00,15,223.13013698630135
1994.0,11.0,11966.0,1994-11-30,11/30/1994_24:00,15,225.87333333333333
1994.0,12.0,15012.0,1994-12-31,12/31/1994_24:00,15,227.71939393939394
1995.0,1.0,22784.0,1995-01-31,01/31/1995_24:00,15,232.07737931034484
1995.0,2.0,25190.0,1995-02-28,02/28/1995_24:00,15,233.26814988290397
1995.0,3.0,30300.0,1995-03-31,03/31/1995_24:00,15,235.45752895752895
1995.0,4.0,31380.0,1995-04-30,04/30/1995_24:00,15,235.87451737451735
1995.0,5.0,26266.0,1995-05-31,05/31/1995_24:00,15,233.772131147541
1995.0,6.0,32730.0,1995-06-30,06/30/1995_24:00,15,236.39575289575288
1995.0,7.0,31110.0,1995-07-31,07/31/1995_24:00,15,235.77027027027026
1995.0,8.0,29556.0,1995-08-31,08/31/1995_24:00,15,235.17027027027027
1995.0,9.0,9257.0,1995-09-30,09/30/1995_24:00,15,224.153228962818
1995.0,10.0,5870.0,1995-10-31,10/31/1995_24:00,15,221.50195694716243
1995.0,11.0,5870.0,1995-11-30,11/30/1995_24:00,15,221.50195694716243
1995.0,12.0,8000.0,1995-12-31,12/31/1995_24:00,15,223.16927592954988
1996.0,1.0,27598.0,1996-01-31,01/31/1996_24:00,15,234.396018735363
1996.0,2.0,24165.0,1996-02-29,02/29/1996_24:00,15,232.78805620608898
1996.0,3.0,26488.0,1996-03-31,03/31/1996_24:00,15,233.87611241217797
1996.0,4.0,30000.0,1996-04-30,04/30/1996_24:00,15,235.34169884169881
1996.0,5.0,28068.0,1996-05-31,05/31/1996_24:00,15,234.5957528957529
1996.0,6.0,28609.0,1996-06-30,06/30/1996_24:00,15,234.80463320463323
1996.0,7.0,23579.0,1996-07-31,07/31/1996_24:00,15,232.51358313817332
1996.0,8.0,22000.0,1996-08-31,08/31/1996_24:00,15,231.6448275862069
1996.0,9.0,23064.0,1996-09-30,09/30/1996_24:00,15,232.2318620689655
1996.0,10.0,10806.0,1996-10-31,10/31/1996_24:00,15,225.17030303030302
1996.0,11.0,10016.0,1996-11-30,11/30/1996_24:00,15,224.69151515151515
1996.0,12.0,14412.0,1996-12-31,12/31/1996_24:00,15,227.3557575757576
1997.0,1.0,23234.0,1997-01-31,01/31/1997_24:00,15,232.3256551724138
1997.0,2.0,24000.0,1997-02-28,02/28/1997_24:00,15,232.71077283372367
1997.0,3.0,25600.0,1997-03-31,03/31/1997_24:00,15,233.46018735362998
1997.0,4.0,23358.0,1997-04-30,04/30/1997_24:00,15,232.39406896551725
1997.0,5.0,35240.0,1997-05-31,05/31/1997_24:00,15,237.24666666666667
1997.0,6.0,23167.0,1997-06-30,06/30/1997_24:00,15,232.28868965517242
1997.0,7.0,27820.0,1997-07-31,07/31/1997_24:00,15,234.5
1997.0,8.0,32440.0,1997-08-31,08/31/1997_24:00,15,236.28378378378378
1997.0,9.0,18360.0,1997-09-30,09/30/1997_24:00,15,229.63655172413792
1997.0,10.0,18000.0,1997-10-31,10/31/1997_24:00,15,229.43793103448277
1997.0,11.0,10490.0,1997-11-30,11/30/1997_24:00,15,224.97878787878787
1997.0,12.0,16300.0,1997-12-31,12/31/1997_24:00,15,228.5
1998.0,1.0,20350.0,1998-01-31,01/31/1998_24:00,15,230.7344827586207
1998.0,2.0,26710.0,1998-02-28,02/28/1998_24:00,15,233.980093676815
1998.0,3.0,28068.0,1998-03-31,03/31/1998_24:00,15,234.5957528957529
1998.0,4.0,27598.0,1998-04-30,04/30/1998_24:00,15,234.396018735363
1998.0,5.0,23627.0,1998-05-31,05/31/1998_24:00,15,232.5360655737705
1998.0,6.0,30552.0,1998-06-30,06/30/1998_24:00,15,235.55482625482625
1998.0,7.0,33290.0,1998-07-31,07/31/1998_24:00,15,236.5966666666667
1998.0,8.0,36400.0,1998-08-31,08/31/1998_24:00,15,237.63333333333335
1998.0,9.0,34000.0,1998-09-30,09/30/1998_24:00,15,236.83333333333334
1998.0,10.0,7262.0,1998-10-31,10/31/1998_24:00,15,222.59158512720154
1998.0,11.0,4026.0,1998-11-30,11/30/1998_24:00,15,219.776459268762
1998.0,12.0,3932.0,1998-12-31,12/31/1998_24:00,15,219.65586914688902
1999.0,1.0,27154.0,1999-01-31,01/31/1999_24:00,15,234.188056206089
1999.0,2.0,24780.0,1999-02-28,02/28/1999_24:00,15,233.07611241217796
1999.0,3.0,25600.0,1999-03-31,03/31/1999_24:00,15,233.46018735362998
1999.0,4.0,32190.0,1999-04-30,04/30/1999_24:00,15,236.1872586872587
1999.0,5.0,31380.0,1999-05-31,05/31/1999_24:00,15,235.87451737451735
1999.0,6.0,30840.0,1999-06-30,06/30/1999_24:00,15,235.66602316602314
1999.0,7.0,32730.0,1999-07-31,07/31/1999_24:00,15,236.39575289575288
1999.0,8.0,37300.0,1999-08-31,08/31/1999_24:00,15,237.93333333333334
1999.0,9.0,31110.0,1999-09-30,09/30/1999_24:00,15,235.77027027027026
1999.0,10.0,15682.0,1999-10-31,10/31/1999_24:00,15,228.12545454545455
1999.0,11.0,14580.0,1999-11-30,11/30/1999_24:00,15,227.45757575757574
1999.0,12.0,25822.0,1999-12-31,12/31/1999_24:00,15,233.564168618267
2000.0,1.0,22582.0,2000-01-31,01/31/2000_24:00,15,231.96593103448276
2000.0,2.0,14580.0,2000-02-29,02/29/2000_24:00,15,227.45757575757574
2000.0,3.0,26932.0,2000-03-31,03/31/2000_24:00,15,234.084074941452
2000.0,4.0,29308.0,2000-04-30,04/30/2000_24:00,15,235.07451737451737
2000.0,5.0,26932.0,2000-05-31,05/31/2000_24:00,15,234.084074941452
2000.0,6.0,28316.0,2000-06-30,06/30/2000_24:00,15,234.6915057915058
2000.0,7.0,31290.0,2000-07-31,07/31/2000_24:00,15,235.83976833976834
2000.0,8.0,35240.0,2000-08-31,08/31/2000_24:00,15,237.24666666666667
2000.0,9.0,34400.0,2000-09-30,09/30/2000_24:00,15,236.96666666666667
2000.0,10.0,22975.0,2000-10-31,10/31/2000_24:00,15,232.18275862068967
2000.0,11.0,20534.0,2000-11-30,11/30/2000_24:00,15,230.83600000000004
2000.0,12.0,27154.0,2000-12-31,12/31/2000_24:00,15,234.188056206089
2001.0,1.0,28316.0,2001-01-31,01/31/2001_24:00,15,234.6915057915058
2001.0,2.0,26710.0,2001-02-28,02/28/2001_24:00,15,233.980093676815
2001.0,3.0,27154.0,2001-03-31,03/31/2001_24:00,15,234.188056206089
2001.0,4.0,34120.0,2001-04-30,04/30/2001_24:00,15,236.87333333333336
2001.0,5.0,32190.0,2001-05-31,05/31/2001_24:00,15,236.1872586872587
2001.0,6.0,31380.0,2001-06-30,06/30/2001_24:00,15,235.87451737451735
2001.0,7.0,30052.0,2001-07-31,07/31/2001_24:00,15,235.36177606177608
2001.0,8.0,30840.0,2001-08-31,08/31/2001_24:00,15,235.66602316602314
2001.0,9.0,26932.0,2001-09-30,09/30/2001_24:00,15,234.084074941452
2001.0,10.0,13404.0,2001-10-31,10/31/2001_24:00,15,226.74484848484846
2001.0,11.0,13236.0,2001-11-30,11/30/2001_24:00,15,226.6430303030303
2001.0,12.0,13908.0,2001-12-31,12/31/2001_24:00,15,227.05030303030304
2002.0,1.0,14412.0,2002-01-31,01/31/2002_24:00,15,227.3557575757576
2002.0,2.0,14244.0,2002-02-28,02/28/2002_24:00,15,227.2539393939394
2002.0,3.0,31110.0,2002-03-31,03/31/2002_24:00,15,235.77027027027026
2002.0,4.0,31650.0,2002-04-30,04/30/2002_24:00,15,235.97876447876448
2002.0,5.0,30300.0,2002-05-31,05/31/2002_24:00,15,235.45752895752895
2002.0,6.0,29308.0,2002-06-30,06/30/2002_24:00,15,235.07451737451737
2002.0,7.0,30300.0,2002-07-31,07/31/2002_24:00,15,235.45752895752895
2002.0,8.0,30300.0,2002-08-31,08/31/2002_24:00,15,235.45752895752895
2002.0,9.0,30300.0,2002-09-30,09/30/2002_24:00,15,235.45752895752895
2002.0,10.0,13236.0,2002-10-31,10/31/2002_24:00,15,226.6430303030303
2002.0,11.0,14412.0,2002-11-30,11/30/2002_24:00,15,227.3557575757576
2002.0,12.0,18540.0,2002-12-31,12/31/2002_24:00,15,229.7358620689655
2003.0,1.0,17660.0,2003-01-31,01/31/2003_24:00,15,229.25034482758622
2003.0,2.0,25600.0,2003-02-28,02/28/2003_24:00,15,233.46018735362998
2003.0,3.0,28564.0,2003-03-31,03/31/2003_24:00,15,234.78725868725869
2003.0,4.0,31110.0,2003-04-30,04/30/2003_24:00,15,235.77027027027026
2003.0,5.0,27598.0,2003-05-31,05/31/2003_24:00,15,234.396018735363
2003.0,6.0,31650.0,2003-06-30,06/30/2003_24:00,15,235.97876447876448
2003.0,7.0,32460.0,2003-07-31,07/31/2003_24:00,15,236.29150579150578
2003.0,8.0,29308.0,2003-08-31,08/31/2003_24:00,15,235.07451737451737
2003.0,9.0,18180.0,2003-09-30,09/30/2003_24:00,15,229.53724137931033
2003.0,10.0,19800.0,2003-10-31,10/31/2003_24:00,15,230.43103448275863
2003.0,11.0,18180.0,2003-11-30,11/30/2003_24:00,15,229.53724137931033
2003.0,12.0,18540.0,2003-12-31,12/31/2003_24:00,15,229.7358620689655
2004.0,1.0,18180.0,2004-01-31,01/31/2004_24:00,15,229.53724137931033
2004.0,2.0,32460.0,2004-02-29,02/29/2004_24:00,15,236.29150579150578
2004.0,3.0,32730.0,2004-03-31,03/31/2004_24:00,15,236.39575289575288
2004.0,4.0,30570.0,2004-04-30,04/30/2004_24:00,15,235.56177606177607
2004.0,5.0,33000.0,2004-05-31,05/31/2004_24:00,15,236.5
2004.0,6.0,33290.0,2004-06-30,06/30/2004_24:00,15,236.5966666666667
2004.0,7.0,31650.0,2004-07-31,07/31/2004_24:00,15,235.97876447876448
2004.0,8.0,31650.0,2004-08-31,08/31/2004_24:00,15,235.97876447876448
2004.0,9.0,18540.0,2004-09-30,09/30/2004_24:00,15,229.7358620689655
2004.0,10.0,4308.0,2004-10-31,10/31/2004_24:00,15,220.13822963438102
2004.0,11.0,4308.0,2004-11-30,11/30/2004_24:00,15,220.13822963438102
2004.0,12.0,4308.0,2004-12-31,12/31/2004_24:00,15,220.13822963438102
2005.0,1.0,23550.0,2005-01-31,01/31/2005_24:00,15,232.5
2005.0,2.0,29556.0,2005-02-28,02/28/2005_24:00,15,235.17027027027027
2005.0,3.0,34120.0,2005-03-31,03/31/2005_24:00,15,236.87333333333336
2005.0,4.0,31920.0,2005-04-30,04/30/2005_24:00,15,236.0830115830116
2005.0,5.0,32460.0,2005-05-31,05/31/2005_24:00,15,236.29150579150578
2005.0,6.0,31110.0,2005-06-30,06/30/2005_24:00,15,235.77027027027026
2005.0,7.0,31920.0,2005-07-31,07/31/2005_24:00,15,236.0830115830116
2005.0,8.0,34400.0,2005-08-31,08/31/2005_24:00,15,236.96666666666667
2005.0,9.0,31110.0,2005-09-30,09/30/2005_24:00,15,235.77027027027026
2005.0,10.0,9858.0,2005-10-31,10/31/2005_24:00,15,224.59575757575757
2005.0,11.0,8520.0,2005-11-30,11/30/2005_24:00,15,223.57632093933464
2005.0,12.0,11280.0,2005-12-31,12/31/2005_24:00,15,225.45757575757574
2006.0,1.0,24165.0,2006-01-31,01/31/2006_24:00,15,232.78805620608898
2006.0,2.0,29556.0,2006-02-28,02/28/2006_24:00,15,235.17027027027027
2006.0,3.0,34400.0,2006-03-31,03/31/2006_24:00,15,236.96666666666667
2006.0,4.0,33290.0,2006-04-30,04/30/2006_24:00,15,236.5966666666667
2006.0,5.0,34680.0,2006-05-31,05/31/2006_24:00,15,237.06
2006.0,6.0,29556.0,2006-06-30,06/30/2006_24:00,15,235.17027027027027
2006.0,7.0,31650.0,2006-07-31,07/31/2006_24:00,15,235.97876447876448
2006.0,8.0,35800.0,2006-08-31,08/31/2006_24:00,15,237.43333333333334
2006.0,9.0,29308.0,2006-09-30,09/30/2006_24:00,15,235.07451737451737
2006.0,10.0,12900.0,2006-10-31,10/31/2006_24:00,15,226.43939393939394
2006.0,11.0,12900.0,2006-11-30,11/30/2006_24:00,15,226.43939393939394
2006.0,12.0,13740.0,2006-12-31,12/31/2006_24:00,15,226.94848484848484
2007.0,1.0,22401.0,2007-01-31,01/31/2007_24:00,15,231.86606896551726
2007.0,2.0,22209.0,2007-02-28,02/28/2007_24:00,15,231.76013793103448
2007.0,3.0,32460.0,2007-03-31,03/31/2007_24:00,15,236.29150579150578
2007.0,4.0,32190.0,2007-04-30,04/30/2007_24:00,15,236.1872586872587
2007.0,5.0,30300.0,2007-05-31,05/31/2007_24:00,15,235.45752895752895
2007.0,6.0,30300.0,2007-06-30,06/30/2007_24:00,15,235.45752895752895
2007.0,7.0,32460.0,2007-07-31,07/31/2007_24:00,15,236.29150579150578
2007.0,8.0,32190.0,2007-08-31,08/31/2007_24:00,15,236.1872586872587
2007.0,9.0,24165.0,2007-09-30,09/30/2007_24:00,15,232.78805620608898
2007.0,10.0,17320.0,2007-10-31,10/31/2007_24:00,15,229.0627586206897
2007.0,11.0,16300.0,2007-11-30,11/30/2007_24:00,15,228.5
2007.0,12.0,17320.0,2007-12-31,12/31/2007_24:00,15,229.0627586206897
2008.0,1.0,18540.0,2008-01-31,01/31/2008_24:00,15,229.7358620689655
2008.0,2.0,22018.0,2008-02-29,02/29/2008_24:00,15,231.65475862068968
2008.0,3.0,29556.0,2008-03-31,03/31/2008_24:00,15,235.17027027027027
2008.0,4.0,24780.0,2008-04-30,04/30/2008_24:00,15,233.07611241217796
2008.0,5.0,29060.0,2008-05-31,05/31/2008_24:00,15,234.97876447876448
2008.0,6.0,25822.0,2008-06-30,06/30/2008_24:00,15,233.564168618267
2008.0,7.0,24985.0,2008-07-31,07/31/2008_24:00,15,233.17213114754094
2008.0,8.0,24985.0,2008-08-31,08/31/2008_24:00,15,233.17213114754094
2008.0,9.0,17320.0,2008-09-30,09/30/2008_24:00,15,229.0627586206897
2008.0,10.0,9257.0,2008-10-31,10/31/2008_24:00,15,224.153228962818
2008.0,11.0,9110.0,2008-11-30,11/30/2008_24:00,15,224.03816046966733
2008.0,12.0,14752.0,2008-12-31,12/31/2008_24:00,15,227.56181818181818
2009.0,1.0,17660.0,2009-01-31,01/31/2009_24:00,15,229.25034482758622
2009.0,2.0,22209.0,2009-02-28,02/28/2009_24:00,15,231.76013793103448
2009.0,3.0,23358.0,2009-03-31,03/31/2009_24:00,15,232.39406896551725
2009.0,4.0,24780.0,2009-04-30,04/30/2009_24:00,15,233.07611241217796
2009.0,5.0,23358.0,2009-05-31,05/31/2009_24:00,15,232.39406896551725
2009.0,6.0,26710.0,2009-06-30,06/30/2009_24:00,15,233.980093676815
2009.0,7.0,29556.0,2009-07-31,07/31/2009_24:00,15,235.17027027027027
2009.0,8.0,30840.0,2009-08-31,08/31/2009_24:00,15,235.66602316602314
2009.0,9.0,26044.0,2009-09-30,09/30/2009_24:00,15,233.66814988290398
2009.0,10.0,12414.0,2009-10-31,10/31/2009_24:00,15,226.14484848484847
2009.0,11.0,12414.0,2009-11-30,11/30/2009_24:00,15,226.14484848484847
2009.0,12.0,12738.0,2009-12-31,12/31/2009_24:00,15,226.34121212121212
2010.0,1.0,18540.0,2010-01-31,01/31/2010_24:00,15,229.7358620689655
2010.0,2.0,25190.0,2010-02-28,02/28/2010_24:00,15,233.26814988290397
2010.0,3.0,30570.0,2010-03-31,03/31/2010_24:00,15,235.56177606177607
2010.0,4.0,32190.0,2010-04-30,04/30/2010_24:00,15,236.1872586872587
2010.0,5.0,30840.0,2010-05-31,05/31/2010_24:00,15,235.66602316602314
2010.0,6.0,29556.0,2010-06-30,06/30/2010_24:00,15,235.17027027027027
2010.0,7.0,29556.0,2010-07-31,07/31/2010_24:00,15,235.17027027027027
2010.0,8.0,29308.0,2010-08-31,08/31/2010_24:00,15,235.07451737451737
2010.0,9.0,27598.0,2010-09-30,09/30/2010_24:00,15,234.396018735363
2010.0,10.0,11442.0,2010-10-31,10/31/2010_24:00,15,225.55575757575758
2010.0,11.0,22401.0,2010-11-30,11/30/2010_24:00,15,231.86606896551726
2010.0,12.0,25822.0,2010-12-31,12/31/2010_24:00,15,233.564168618267
2011.0,1.0,24575.0,2011-01-31,01/31/2011_24:00,15,232.980093676815
2011.0,2.0,25822.0,2011-02-28,02/28/2011_24:00,15,233.564168618267
2011.0,3.0,29557.0,2011-03-31,03/31/2011_24:00,15,235.17065637065636
2011.0,4.0,30522.0,2011-04-30,04/30/2011_24:00,15,235.54324324324324
2011.0,5.0,27824.0,2011-05-31,05/31/2011_24:00,15,234.5015444015444
2011.0,6.0,29193.0,2011-06-30,06/30/2011_24:00,15,235.03011583011582
2011.0,7.0,29072.0,2011-07-31,07/31/2011_24:00,15,234.9833976833977
2011.0,8.0,30436.0,2011-08-31,08/31/2011_24:00,15,235.51003861003863
2011.0,9.0,27440.0,2011-09-30,09/30/2011_24:00,15,234.32201405152227
2011.0,10.0,12909.0,2011-10-31,10/31/2011_24:00,15,226.44484848484848
2011.0,11.0,13550.0,2011-11-30,11/30/2011_24:00,15,226.83333333333337
2011.0,12.0,12264.0,2011-12-31,12/31/2011_24:00,15,226.0539393939394
2012.0,1.0,18521.0,2012-01-31,01/31/2012_24:00,15,229.72537931034483
2012.0,2.0,25523.0,2012-02-29,02/29/2012_24:00,15,233.4241217798595
2012.0,3.0,27300.0,2012-03-31,03/31/2012_24:00,15,234.25644028103045
2012.0,4.0,26838.0,2012-04-30,04/30/2012_24:00,15,234.04004683840748
2012.0,5.0,26775.0,2012-05-31,05/31/2012_24:00,15,234.0105386416862
2012.0,6.0,25889.0,2012-06-30,06/30/2012_24:00,15,233.59555035128807
2012.0,7.0,27487.0,2012-07-31,07/31/2012_24:00,15,234.3440281030445
2012.0,8.0,26947.0,2012-08-31,08/31/2012_24:00,15,234.0911007025761
2012.0,9.0,28643.0,2012-09-30,09/30/2012_24:00,15,234.8177606177606
2012.0,10.0,14324.0,2012-10-31,10/31/2012_24:00,15,227.30242424242425
2012.0,11.0,13298.0,2012-11-30,11/30/2012_24:00,15,226.68060606060607
2012.0,12.0,12900.0,2012-12-31,12/31/2012_24:00,15,226.43939393939394
2013.0,1.0,16701.0,2013-01-31,01/31/2013_24:00,15,228.72124137931036
2013.0,2.0,25744.0,2013-02-28,02/28/2013_24:00,15,233.52763466042154
2013.0,3.0,26509.0,2013-03-31,03/31/2013_24:00,15,233.88594847775175
2013.0,4.0,26725.0,2013-04-30,04/30/2013_24:00,15,233.98711943793913
2013.0,5.0,25124.0,2013-05-31,05/31/2013_24:00,15,233.23723653395786
2013.0,6.0,26669.0,2013-06-30,06/30/2013_24:00,15,233.9608899297424
2013.0,7.0,26336.0,2013-07-31,07/31/2013_24:00,15,233.80491803278687
2013.0,8.0,27114.0,2013-08-31,08/31/2013_24:00,15,234.16932084309133
2013.0,9.0,18607.0,2013-09-30,09/30/2013_24:00,15,229.77282758620692
2013.0,10.0,14924.0,2013-10-31,10/31/2013_24:00,15,227.6660606060606
2013.0,11.0,14021.0,2013-11-30,11/30/2013_24:00,15,227.11878787878788
2013.0,12.0,12438.0,2013-12-31,12/31/2013_24:00,15,226.15939393939396
2014.0,1.0,11595.0,2014-01-31,01/31/2014_24:00,15,225.64848484848483
2014.0,2.0,10816.0,2014-02-28,02/28/2014_24:00,15,225.17636363636365
2014.0,3.0,13987.0,2014-03-31,03/31/2014_24:00,15,227.09818181818179
2014.0,4.0,20343.0,2014-04-30,04/30/2014_24:00,15,230.73062068965515
2014.0,5.0,15407.0,2014-05-31,05/31/2014_24:00,15,227.9587878787879
2014.0,6.0,15582.0,2014-06-30,06/30/2014_24:00,15,228.0648484848485
2014.0,7.0,15393.0,2014-07-31,07/31/2014_24:00,15,227.95030303030302
2014.0,8.0,15809.0,2014-08-31,08/31/2014_24:00,15,228.20242424242423
2014.0,9.0,10345.0,2014-09-30,09/30/2014_24:00,15,224.8909090909091
2014.0,10.0,4265.0,2014-10-31,10/31/2014_24:00,15,220.0830660679923
2014.0,11.0,4242.0,2014-11-30,11/30/2014_24:00,15,220.0535599743425
2014.0,12.0,4217.0,2014-12-31,12/31/2014_24:00,15,220.02148813341884
2015.0,1.0,4235.0,2015-01-31,01/31/2015_24:00,15,220.04457985888388
2015.0,2.0,4242.0,2015-02-28,02/28/2015_24:00,15,220.0535599743425
2015.0,3.0,4249.0,2015-03-31,03/31/2015_24:00,15,220.06254008980113
2015.0,4.0,18192.0,2015-04-30,04/30/2015_24:00,15,229.54386206896555
2015.0,5.0,15500.0,2015-05-31,05/31/2015_24:00,15,228.01515151515153
2015.0,6.0,15352.0,2015-06-30,06/30/2015_24:00,15,227.92545454545453
2015.0,7.0,15339.0,2015-07-31,07/31/2015_24:00,15,227.91757575757575
2015.0,8.0,15473.0,2015-08-31,08/31/2015_24:00,15,227.99878787878788
2015.0,9.0,9978.0,2015-09-30,09/30/2015_24:00,15,224.66848484848484
2015.0,10.0,6370.0,2015-10-31,10/31/2015_24:00,15,221.89334637964777
2015.0,11.0,5461.0,2015-11-30,11/30/2015_24:00,15,221.18180039138943
2015.0,12.0,5458.0,2015-12-31,12/31/2015_24:00,15,221.17945205479452
2016.0,1.0,7235.0,2016-01-31,01/31/2016_24:00,15,222.57045009784736
2016.0,2.0,6300.0,2016-02-29,02/29/2016_24:00,15,221.8385518590998
2016.0,3.0,12472.0,2016-03-31,03/31/2016_24:00,15,226.17999999999998
2016.0,4.0,19953.0,2016-04-30,04/30/2016_24:00,15,230.51544827586207
2016.0,5.0,15427.0,2016-05-31,05/31/2016_24:00,15,227.97090909090906
2016.0,6.0,15292.0,2016-06-30,06/30/2016_24:00,15,227.8890909090909
2016.0,7.0,15200.0,2016-07-31,07/31/2016_24:00,15,227.83333333333334
2016.0,8.0,25305.0,2016-08-31,08/31/2016_24:00,15,233.32201405152222
2016.0,9.0,26555.0,2016-09-30,09/30/2016_24:00,15,233.90749414519905
2016.0,10.0,8913.0,2016-10-31,10/31/2016_24:00,15,223.88395303326814
2016.0,11.0,7854.0,2016-11-30,11/30/2016_24:00,15,223.05499021526418
2016.0,12.0,7449.0,2016-12-31,12/31/2016_24:00,15,222.73796477495108
2017.0,1.0,17621.0,2017-01-31,01/31/2017_24:00,15,229.2288275862069
2017.0,2.0,23400.0,2017-02-28,02/28/2017_24:00,15,232.41724137931035
2017.0,3.0,21051.0,2017-03-31,03/31/2017_24:00,15,231.12124137931033
2017.0,4.0,21365.0,2017-04-30,04/30/2017_24:00,15,231.29448275862072
2017.0,5.0,29804.0,2017-05-31,05/31/2017_24:00,15,235.26602316602316
2017.0,6.0,27891.0,2017-06-30,06/30/2017_24:00,15,234.52741312741313
2017.0,7.0,30909.0,2017-07-31,07/31/2017_24:00,15,235.69266409266407
2017.0,8.0,29950.0,2017-08-31,08/31/2017_24:00,15,235.32239382239382
2017.0,9.0,21798.0,2017-09-30,09/30/2017_24:00,15,231.53337931034483
2017.0,10.0,28436.0,2017-10-31,10/31/2017_24:00,15,234.73783783783784
2017.0,11.0,26853.0,2017-11-30,11/30/2017_24:00,15,234.04707259953162
2017.0,12.0,24103.0,2017-12-31,12/31/2017_24:00,15,232.75901639344264
2018.0,1.0,22616.0,2018-01-31,01/31/2018_24:00,15,231.98468965517242
2018.0,2.0,28103.0,2018-02-28,02/28/2018_24:00,15,234.60926640926638
2018.0,3.0,31041.0,2018-03-31,03/31/2018_24:00,15,235.74362934362932
2018.0,4.0,31008.0,2018-04-30,04/30/2018_24:00,15,235.73088803088802
2018.0,5.0,30777.0,2018-05-31,05/31/2018_24:00,15,235.64169884169883
2018.0,6.0,27936.0,2018-06-30,06/30/2018_24:00,15,234.54478764478765
2018.0,7.0,28163.0,2018-07-31,07/31/2018_24:00,15,234.63243243243244
2018.0,8.0,29860.0,2018-08-31,08/31/2018_24:00,15,235.28764478764478
2018.0,9.0,31898.0,2018-09-30,09/30/2018_24:00,15,236.0745173745174
2018.0,10.0,31634.0,2018-10-31,10/31/2018_24:00,15,235.97258687258687
2018.0,11.0,29526.0,2018-11-30,11/30/2018_24:00,15,235.15868725868722
2018.0,12.0,26419.0,2018-12-31,12/31/2018_24:00,15,233.84379391100705
2019.0,1.0,24203.0,2019-01-31,01/31/2019_24:00,15,232.80585480093677
2019.0,2.0,24423.0,2019-02-28,02/28/2019_24:00,15,232.9088992974239
2019.0,3.0,27585.0,2019-03-31,03/31/2019_24:00,15,234.38992974238877
2019.0,4.0,27314.0,2019-04-30,04/30/2019_24:00,15,234.26299765807966
2019.0,5.0,26609.0,2019-05-31,05/31/2019_24:00,15,233.9327868852459
2019.0,6.0,29600.0,2019-06-30,06/30/2019_24:00,15,235.1872586872587
2019.0,7.0,32623.0,2019-07-31,07/31/2019_24:00,15,236.35444015444017
2019.0,8.0,29193.0,2019-08-31,08/31/2019_24:00,15,235.03011583011582
2019.0,9.0,31601.0,2019-09-30,09/30/2019_24:00,15,235.95984555984552
2019.0,10.0,33091.0,2019-10-31,10/31/2019_24:00,15,236.53033333333335
2019.0,11.0,29648.0,2019-11-30,11/30/2019_24:00,15,235.2057915057915
2019.0,12.0,27982.0,2019-12-31,12/31/2019_24:00,15,234.56254826254826
2020.0,1.0,28648.0,2020-01-31,01/31/2020_24:00,15,234.81969111969113
2020.0,2.0,25508.0,2020-02-29,02/29/2020_24:00,15,233.41709601873538
2020.0,3.0,19443.0,2020-03-31,03/31/2020_24:00,15,230.23406896551722
2020.0,4.0,18121.0,2020-04-30,04/30/2020_24:00,15,229.50468965517243
2020.0,5.0,18747.0,2020-05-31,05/31/2020_24:00,15,229.85006896551727
2020.0,6.0,18240.0,2020-06-30,06/30/2020_24:00,15,229.5703448275862
2020.0,7.0,18202.0,2020-07-31,07/31/2020_24:00,15,229.54937931034485
2020.0,8.0,21463.0,2020-08-31,08/31/2020_24:00,15,231.34855172413793
2020.0,9.0,25486.0,2020-09-30,09/30/2020_24:00,15,233.40679156908664
2020.0,10.0,5912.0,2020-10-31,10/31/2020_24:00,15,221.5348336594912
2020.0,11.0,5780.0,2020-11-30,11/30/2020_24:00,15,221.4315068493151
2020.0,12.0,8503.0,2020-12-31,12/31/2020_24:00,15,223.56301369863013
2021.0,1.0,8225.0,2021-01-31,01/31/2021_24:00,15,223.34540117416827
2021.0,2.0,7125.0,2021-02-28,02/28/2021_24:00,15,222.4843444227006
2021.0,3.0,18084.0,2021-03-31,03/31/2021_24:00,15,229.48427586206896
2021.0,4.0,18344.0,2021-04-30,04/30/2021_24:00,15,229.62772413793104
2021.0,5.0,17700.0,2021-05-31,05/31/2021_24:00,15,229.27241379310345
2021.0,6.0,16929.0,2021-06-30,06/30/2021_24:00,15,228.84703448275863
2021.0,7.0,18538.0,2021-07-31,07/31/2021_24:00,15,229.73475862068966
2021.0,8.0,18795.0,2021-08-31,08/31/2021_24:00,15,229.87655172413793
2021.0,9.0,18718.0,2021-09-30,09/30/2021_24:00,15,229.83406896551725
2021.0,10.0,12738.0,2021-10-31,10/31/2021_24:00,15,226.34121212121212
2021.0,11.0,10964.0,2021-11-30,11/30/2021_24:00,15,225.2660606060606
2021.0,12.0,13444.0,2021-12-31,12/31/2021_24:00,15,226.76909090909092
2022.0,1.0,15527.0,2022-01-31,01/31/2022_24:00,15,228.03151515151515
2022.0,2.0,15440.0,2022-02-28,02/28/2022_24:00,15,227.9787878787879
2022.0,3.0,14314.0,2022-03-31,03/31/2022_24:00,15,227.29636363636365
2022.0,4.0,13310.0,2022-04-30,04/30/2022_24:00,15,226.6878787878788
2022.0,5.0,14235.0,2022-05-31,05/31/2022_24:00,15,227.24848484848485
2022.0,6.0,12269.0,2022-06-30,06/30/2022_24:00,15,226.05696969696967
2022.0,7.0,13718.0,2022-07-31,07/31/2022_24:00,15,226.93515151515152
2022.0,8.0,16378.0,2022-08-31,08/31/2022_24:00,15,228.5430344827586
2022.0,9.0,11807.0,2022-09-30,09/30/2022_24:00,15,225.7769696969697
2022.0,10.0,4402.0,2022-10-31,10/31/2022_24:00,15,220.25881975625398
2022.0,11.0,4402.0,2022-11-30,11/30/2022_24:00,15,220.25881975625398
2022.0,12.0,13484.0,2022-12-31,12/31/2022_24:00,15,226.79333333333332
2023.0,1.0,26849.0,2023-01-31,01/31/2023_24:00,15,234.04519906323185
2023.0,2.0,27376.0,2023-02-28,02/28/2023_24:00,15,234.292037470726
2023.0,3.0,14304.0,2023-03-31,03/31/2023_24:00,15,227.29030303030305
,,20507.0,2023-04-30,04/30/2023_24:00,15,230.82110344827586
2023.0,5.0,26710.0,2023-05-31,05/31/2023_24:00,15,233.980093676815
2023.0,6.0,26867.0,2023-06-30,06/30/2023_24:00,15,234.0536299765808
2023.0,7.0,27371.0,2023-07-31,07/31/2023_24:00,15,234.2896955503513
2023.0,8.0,17076.0,2023-08-31,08/31/2023_24:00,15,228.92813793103448
2023.0,9.0,19798.0,2023-09-30,09/30/2023_24:00,15,230.42993103448276
2023.0,10.0,6680.0,2023-10-31,10/31/2023_24:00,15,222.13600782778866
2023.0,11.0,4496.0,2023-11-30,11/30/2023_24:00,15,220.379409878127
2023.0,12.0,7883.0,2023-12-31,12/31/2023_24:00,15,223.07769080234834
2024.0,1.0,19781.0,2024-01-31,01/31/2024_24:00,15,230.42055172413794
2024.0,2.0,28587.0,2024-02-29,02/29/2024_24:00,15,234.796138996139
2024.0,3.0,28413.0,2024-03-31,03/31/2024_24:00,15,234.72895752895752
2024.0,4.0,30052.0,2024-04-30,04/30/2024_24:00,15,235.36177606177608
2024.0,5.0,28525.0,2024-05-31,05/31/2024_24:00,15,234.77220077220076
2024.0,6.0,26659.0,2024-06-30,06/30/2024_24:00,15,233.95620608899299
2024.0,7.0,28564.0,2024-07-31,07/31/2024_24:00,15,234.78725868725869
2024.0,8.0,28316.0,2024-08-31,08/31/2024_24:00,15,234.6915057915058
2024.0,9.0,29308.0,2024-09-30,09/30/2024_24:00,15,235.07451737451737
2024.0,10.0,25446.0,2024-10-31,10/31/2024_24:00,15,233.388056206089
2024.0,11.0,22975.0,2024-11-30,11/30/2024_24:00,15,232.18275862068967
2024.0,12.0,22957.0,2024-12-31,12/31/2024_24:00,15,232.1728275862069
2025.0,1.0,24985.0,2025-01-31,01/31/2025_24:00,15,233.17213114754094
2025.0,2.0,26932.0,2025-02-28,02/28/2025_24:00,15,234.084074941452
2025.0,3.0,26176.0,2025-03-31,03/31/2025_24:00,15,233.72997658079623
2025.0,4.0,26202.0,2025-04-30,04/30/2025_24:00,15,233.74215456674474
