Year,Month,VALUE,Datetime_EOM,C2VSim_Date,Sensor,VALUE_ELEV_x,VALUE_ELEV_y
1965,10,8410.0,1965-10-31,10/31/1965_24:00,15,,124.21491658488713
1965,11,7840.0,1965-11-30,11/30/1965_24:00,15,,123.09617271835131
1965,12,8710.0,1965-12-31,12/31/1965_24:00,15,,124.80372914622177
1966,1,8560.0,1966-01-31,01/31/1966_24:00,15,,124.50932286555445
1966,2,8410.0,1966-02-28,02/28/1966_24:00,15,,124.21491658488713
1966,3,7930.0,1966-03-31,03/31/1966_24:00,15,,123.27281648675171
1966,4,8870.0,1966-04-30,04/30/1966_24:00,15,,125.00000000000001
1966,5,8410.0,1966-05-31,05/31/1966_24:00,15,,124.21491658488713
1966,6,8560.0,1966-06-30,06/30/1966_24:00,15,,124.50932286555445
1966,7,8210.0,1966-07-31,07/31/1966_24:00,15,,123.82237487733072
1966,8,8460.0,1966-08-31,08/31/1966_24:00,15,,124.31305201177625
1966,9,8460.0,1966-09-30,09/30/1966_24:00,15,,124.31305201177625
1966,10,8760.0,1966-10-31,10/31/1966_24:00,15,,124.90186457311088
1966,11,8610.0,1966-11-30,11/30/1966_24:00,15,,124.60745829244357
1966,12,8070.0,1966-12-31,12/31/1966_24:00,15,,123.54759568204122
1967,1,7980.0,1967-01-31,01/31/1967_24:00,15,,123.37095191364082
1967,2,8210.0,1967-02-28,02/28/1967_24:00,15,,123.82237487733072
1967,3,8510.0,1967-03-31,03/31/1967_24:00,15,,124.41118743866535
1967,4,8870.0,1967-04-30,04/30/1967_24:00,15,,125.00000000000001
1967,6,8210.0,1967-06-30,06/30/1967_24:00,15,,123.82237487733072
1967,7,8560.0,1967-07-31,07/31/1967_24:00,15,,124.50932286555445
1967,9,8610.0,1967-09-30,09/30/1967_24:00,15,,124.60745829244357
1967,11,8870.0,1967-11-30,11/30/1967_24:00,15,,125.00000000000001
1967,12,8310.0,1967-12-31,12/31/1967_24:00,15,,124.01864573110893
1968,1,8760.0,1968-01-31,01/31/1968_24:00,15,,124.90186457311088
1968,2,8210.0,1968-02-29,02/29/1968_24:00,15,,123.82237487733072
1968,3,8610.0,1968-03-31,03/31/1968_24:00,15,,124.60745829244357
1968,4,8870.0,1968-04-30,04/30/1968_24:00,15,,125.00000000000001
1968,5,8510.0,1968-05-31,05/31/1968_24:00,15,,124.41118743866535
1968,6,8810.0,1968-06-30,06/30/1968_24:00,15,,125.0
1968,7,8560.0,1968-07-31,07/31/1968_24:00,15,,124.50932286555445
1968,8,8820.0,1968-08-31,08/31/1968_24:00,15,,125.00000000000001
1968,9,8870.0,1968-09-30,09/30/1968_24:00,15,,125.00000000000001
1968,10,8510.0,1968-10-31,10/31/1968_24:00,15,,124.41118743866535
1968,11,8560.0,1968-11-30,11/30/1968_24:00,15,,124.50932286555445
1968,12,8760.0,1968-12-31,12/31/1968_24:00,15,,124.90186457311088
1969,1,8260.0,1969-01-31,01/31/1969_24:00,15,,123.92051030421982
1969,2,8260.0,1969-02-28,02/28/1969_24:00,15,,123.92051030421982
1969,3,8170.0,1969-03-31,03/31/1969_24:00,15,,123.74386653581942
1969,4,7840.0,1969-04-30,04/30/1969_24:00,15,,123.09617271835131
1969,5,8710.0,1969-05-31,05/31/1969_24:00,15,,124.80372914622177
1969,6,8610.0,1969-06-30,06/30/1969_24:00,15,,124.60745829244357
1969,7,8710.0,1969-07-31,07/31/1969_24:00,15,,124.80372914622177
1969,8,8760.0,1969-08-31,08/31/1969_24:00,15,,124.90186457311088
1969,9,8560.0,1969-09-30,09/30/1969_24:00,15,,124.50932286555445
1969,11,8870.0,1969-11-30,11/30/1969_24:00,15,,125.00000000000001
1969,12,7390.0,1969-12-31,12/31/1969_24:00,15,,122.07816091954024
1970,1,8300.0,1970-01-31,01/31/1970_24:00,15,,123.9990186457311
1970,2,8560.0,1970-02-28,02/28/1970_24:00,15,,124.50932286555445
1970,4,8660.0,1970-04-30,04/30/1970_24:00,15,,124.70559371933265
1970,5,8360.0,1970-05-31,05/31/1970_24:00,15,,124.11678115799802
1970,6,8660.0,1970-06-30,06/30/1970_24:00,15,,124.70559371933265
1970,7,8460.0,1970-07-31,07/31/1970_24:00,15,,124.31305201177625
1970,8,8510.0,1970-08-31,08/31/1970_24:00,15,,124.41118743866535
1970,9,8820.0,1970-09-30,09/30/1970_24:00,15,,125.00000000000001
1970,10,8560.0,1970-10-31,10/31/1970_24:00,15,,124.50932286555445
1970,11,8070.0,1970-11-30,11/30/1970_24:00,15,,123.54759568204122
1970,12,8610.0,1970-12-31,12/31/1970_24:00,15,,124.60745829244357
1971,1,8410.0,1971-01-31,01/31/1971_24:00,15,,124.21491658488713
1971,2,8760.0,1971-02-28,02/28/1971_24:00,15,,124.90186457311088
1971,3,7390.0,1971-03-31,03/31/1971_24:00,15,,122.07816091954024
1971,4,8260.0,1971-04-30,04/30/1971_24:00,15,,123.92051030421982
1971,5,8360.0,1971-05-31,05/31/1971_24:00,15,,124.11678115799802
1971,6,8710.0,1971-06-30,06/30/1971_24:00,15,,124.80372914622177
1971,7,8560.0,1971-07-31,07/31/1971_24:00,15,,124.50932286555445
1971,8,8710.0,1971-08-31,08/31/1971_24:00,15,,124.80372914622177
1971,9,7220.0,1971-09-30,09/30/1971_24:00,15,,121.68735632183908
1971,10,7980.0,1971-10-31,10/31/1971_24:00,15,,123.37095191364082
1971,11,7840.0,1971-11-30,11/30/1971_24:00,15,,123.09617271835131
1972,1,7930.0,1972-01-31,01/31/1972_24:00,15,,123.27281648675171
1972,2,7880.0,1972-02-29,02/29/1972_24:00,15,,123.1746810598626
1972,5,8260.0,1972-05-31,05/31/1972_24:00,15,,123.92051030421982
1972,6,8360.0,1972-06-30,06/30/1972_24:00,15,,124.11678115799802
1972,7,8170.0,1972-07-31,07/31/1972_24:00,15,,123.74386653581942
1972,8,8560.0,1972-08-31,08/31/1972_24:00,15,,124.50932286555445
1972,9,8660.0,1972-09-30,09/30/1972_24:00,15,,124.70559371933265
1972,10,8610.0,1972-10-31,10/31/1972_24:00,15,,124.60745829244357
1972,11,7750.0,1972-11-30,11/30/1972_24:00,15,,122.90574712643678
1972,12,7520.0,1972-12-31,12/31/1972_24:00,15,,122.37701149425287
1973,1,8030.0,1973-01-31,01/31/1973_24:00,15,,123.46908734052992
1973,2,8810.0,1973-02-28,02/28/1973_24:00,15,,125.0
1973,3,7700.0,1973-03-31,03/31/1973_24:00,15,,122.79080459770114
1973,4,8610.0,1973-04-30,04/30/1973_24:00,15,,124.60745829244357
1973,5,8260.0,1973-05-31,05/31/1973_24:00,15,,123.92051030421982
1973,6,8410.0,1973-06-30,06/30/1973_24:00,15,,124.21491658488713
1973,7,8310.0,1973-07-31,07/31/1973_24:00,15,,124.01864573110893
1973,8,8260.0,1973-08-31,08/31/1973_24:00,15,,123.92051030421982
1973,9,8360.0,1973-09-30,09/30/1973_24:00,15,,124.11678115799802
1973,10,8360.0,1973-10-31,10/31/1973_24:00,15,,124.11678115799802
1973,11,8660.0,1973-11-30,11/30/1973_24:00,15,,124.70559371933265
1973,12,8610.0,1973-12-31,12/31/1973_24:00,15,,124.60745829244357
1974,1,8610.0,1974-01-31,01/31/1974_24:00,15,,124.60745829244357
1974,2,8120.0,1974-02-28,02/28/1974_24:00,15,,123.6457311089303
1974,3,8260.0,1974-03-31,03/31/1974_24:00,15,,123.92051030421982
1974,4,8460.0,1974-04-30,04/30/1974_24:00,15,,124.31305201177625
1974,5,7790.0,1974-05-31,05/31/1974_24:00,15,,122.9977011494253
1974,6,8710.0,1974-06-30,06/30/1974_24:00,15,,124.80372914622177
1974,7,8360.0,1974-07-31,07/31/1974_24:00,15,,124.11678115799802
1974,8,8460.0,1974-08-31,08/31/1974_24:00,15,,124.31305201177625
1974,10,8070.0,1974-10-31,10/31/1974_24:00,15,,123.54759568204122
1974,11,8360.0,1974-11-30,11/30/1974_24:00,15,,124.11678115799802
1974,12,8410.0,1974-12-31,12/31/1974_24:00,15,,124.21491658488713
1975,1,8260.0,1975-01-31,01/31/1975_24:00,15,,123.92051030421982
1975,2,8070.0,1975-02-28,02/28/1975_24:00,15,,123.54759568204122
1975,3,8460.0,1975-03-31,03/31/1975_24:00,15,,124.31305201177625
1975,4,8560.0,1975-04-30,04/30/1975_24:00,15,,124.50932286555445
1975,5,7980.0,1975-05-31,05/31/1975_24:00,15,,123.37095191364082
1975,6,8660.0,1975-06-30,06/30/1975_24:00,15,,124.70559371933265
1975,8,8610.0,1975-08-31,08/31/1975_24:00,15,,124.60745829244357
1975,9,8460.0,1975-09-30,09/30/1975_24:00,15,,124.31305201177625
1975,10,8660.0,1975-10-31,10/31/1975_24:00,15,,124.70559371933265
1975,11,8360.0,1975-11-30,11/30/1975_24:00,15,,124.11678115799802
1975,12,8030.0,1975-12-31,12/31/1975_24:00,15,,123.46908734052992
1976,1,8030.0,1976-01-31,01/31/1976_24:00,15,,123.46908734052992
1976,2,8560.0,1976-02-29,02/29/1976_24:00,15,,124.50932286555445
1976,3,8710.0,1976-03-31,03/31/1976_24:00,15,,124.80372914622177
1976,4,8820.0,1976-04-30,04/30/1976_24:00,15,,125.00000000000001
1976,5,8260.0,1976-05-31,05/31/1976_24:00,15,,123.92051030421982
1976,7,8710.0,1976-07-31,07/31/1976_24:00,15,,124.80372914622177
1976,8,8610.0,1976-08-31,08/31/1976_24:00,15,,124.60745829244357
1976,9,8510.0,1976-09-30,09/30/1976_24:00,15,,124.41118743866535
1976,11,8560.0,1976-11-30,11/30/1976_24:00,15,,124.50932286555445
1976,12,8510.0,1976-12-31,12/31/1976_24:00,15,,124.41118743866535
1977,1,8660.0,1977-01-31,01/31/1977_24:00,15,,124.70559371933265
1977,2,8660.0,1977-02-28,02/28/1977_24:00,15,,124.70559371933265
1977,3,7750.0,1977-03-31,03/31/1977_24:00,15,,122.90574712643678
1977,4,7930.0,1977-04-30,04/30/1977_24:00,15,,123.27281648675171
1977,5,7930.0,1977-05-31,05/31/1977_24:00,15,,123.27281648675171
1977,6,8120.0,1977-06-30,06/30/1977_24:00,15,,123.6457311089303
1977,7,8310.0,1977-07-31,07/31/1977_24:00,15,,124.01864573110893
1977,8,8610.0,1977-08-31,08/31/1977_24:00,15,,124.60745829244357
1977,9,8760.0,1977-09-30,09/30/1977_24:00,15,,124.90186457311088
1977,10,8660.0,1977-10-31,10/31/1977_24:00,15,,124.70559371933265
1977,11,8610.0,1977-11-30,11/30/1977_24:00,15,,124.60745829244357
1977,12,8710.0,1977-12-31,12/31/1977_24:00,15,,124.80372914622177
1978,1,8360.0,1978-01-31,01/31/1978_24:00,15,,124.11678115799802
1978,2,7840.0,1978-02-28,02/28/1978_24:00,15,,123.09617271835131
1978,3,8660.0,1978-03-31,03/31/1978_24:00,15,,124.70559371933265
1978,4,8760.0,1978-04-30,04/30/1978_24:00,15,,124.90186457311088
1978,5,8360.0,1978-05-31,05/31/1978_24:00,15,,124.11678115799802
1978,6,8260.0,1978-06-30,06/30/1978_24:00,15,,123.92051030421982
1978,7,8660.0,1978-07-31,07/31/1978_24:00,15,,124.70559371933265
1978,9,8360.0,1978-09-30,09/30/1978_24:00,15,,124.11678115799802
1978,10,8760.0,1978-10-31,10/31/1978_24:00,15,,124.90186457311088
1978,11,8510.0,1978-11-30,11/30/1978_24:00,15,,124.41118743866535
1978,12,8310.0,1978-12-31,12/31/1978_24:00,15,,124.01864573110893
1979,1,8260.0,1979-01-31,01/31/1979_24:00,15,,123.92051030421982
1979,2,8310.0,1979-02-28,02/28/1979_24:00,15,,124.01864573110893
1979,3,8310.0,1979-03-31,03/31/1979_24:00,15,,124.01864573110893
1979,4,8170.0,1979-04-30,04/30/1979_24:00,15,,123.74386653581942
1979,5,8360.0,1979-05-31,05/31/1979_24:00,15,,124.11678115799802
1979,6,8870.0,1979-06-30,06/30/1979_24:00,15,,125.00000000000001
1979,7,8610.0,1979-07-31,07/31/1979_24:00,15,,124.60745829244357
1979,8,8070.0,1979-08-31,08/31/1979_24:00,15,,123.54759568204122
1979,9,8510.0,1979-09-30,09/30/1979_24:00,15,,124.41118743866535
1979,10,8760.0,1979-10-31,10/31/1979_24:00,15,,124.90186457311088
1979,11,8070.0,1979-11-30,11/30/1979_24:00,15,,123.54759568204122
1979,12,8870.0,1979-12-31,12/31/1979_24:00,15,,125.00000000000001
1980,1,8560.0,1980-01-31,01/31/1980_24:00,15,,124.50932286555445
1980,2,8360.0,1980-02-29,02/29/1980_24:00,15,,124.11678115799802
1980,3,8610.0,1980-03-31,03/31/1980_24:00,15,,124.60745829244357
1980,4,8870.0,1980-04-30,04/30/1980_24:00,15,,125.00000000000001
1980,5,8410.0,1980-05-31,05/31/1980_24:00,15,,124.21491658488713
1980,6,8710.0,1980-06-30,06/30/1980_24:00,15,,124.80372914622177
1980,7,8660.0,1980-07-31,07/31/1980_24:00,15,,124.70559371933265
1980,8,8820.0,1980-08-31,08/31/1980_24:00,15,,125.00000000000001
1980,9,8360.0,1980-09-30,09/30/1980_24:00,15,,124.11678115799802
1980,10,8610.0,1980-10-31,10/31/1980_24:00,15,,124.60745829244357
1980,11,8460.0,1980-11-30,11/30/1980_24:00,15,,124.31305201177625
1980,12,8510.0,1980-12-31,12/31/1980_24:00,15,,124.41118743866535
1981,1,7930.0,1981-01-31,01/31/1981_24:00,15,,123.27281648675171
1981,2,8660.0,1981-02-28,02/28/1981_24:00,15,,124.70559371933265
1981,3,8410.0,1981-03-31,03/31/1981_24:00,15,,124.21491658488713
1981,4,8120.0,1981-04-30,04/30/1981_24:00,15,,123.6457311089303
1981,5,7700.0,1981-05-31,05/31/1981_24:00,15,,122.79080459770114
1981,6,7930.0,1981-06-30,06/30/1981_24:00,15,,123.27281648675171
1981,7,8360.0,1981-07-31,07/31/1981_24:00,15,,124.11678115799802
1981,8,8360.0,1981-08-31,08/31/1981_24:00,15,,124.11678115799802
1981,9,8410.0,1981-09-30,09/30/1981_24:00,15,,124.21491658488713
1981,10,8310.0,1981-10-31,10/31/1981_24:00,15,,124.01864573110893
1981,11,8030.0,1981-11-30,11/30/1981_24:00,15,,123.46908734052992
1981,12,7890.0,1981-12-31,12/31/1981_24:00,15,,123.19430814524043
1982,1,8120.0,1982-01-31,01/31/1982_24:00,15,,123.6457311089303
1982,2,8310.0,1982-02-28,02/28/1982_24:00,15,,124.01864573110893
1982,3,8360.0,1982-03-31,03/31/1982_24:00,15,,124.11678115799802
1982,4,8710.0,1982-04-30,04/30/1982_24:00,15,,124.80372914622177
1982,5,8710.0,1982-05-31,05/31/1982_24:00,15,,124.80372914622177
1982,6,8070.0,1982-06-30,06/30/1982_24:00,15,,123.54759568204122
1982,7,8200.0,1982-07-31,07/31/1982_24:00,15,,123.80274779195288
1982,8,7610.0,1982-08-31,08/31/1982_24:00,15,,122.58390804597701
1982,9,8120.0,1982-09-30,09/30/1982_24:00,15,,123.6457311089303
1982,10,8310.0,1982-10-31,10/31/1982_24:00,15,,124.01864573110893
1982,11,8120.0,1982-11-30,11/30/1982_24:00,15,,123.6457311089303
1982,12,7930.0,1982-12-31,12/31/1982_24:00,15,,123.27281648675171
1983,1,7980.0,1983-01-31,01/31/1983_24:00,15,,123.37095191364082
1983,2,8170.0,1983-02-28,02/28/1983_24:00,15,,123.74386653581942
1983,3,8120.0,1983-03-31,03/31/1983_24:00,15,,123.6457311089303
1983,4,7610.0,1983-04-30,04/30/1983_24:00,15,,122.58390804597701
1983,5,7840.0,1983-05-31,05/31/1983_24:00,15,,123.09617271835131
1983,6,7890.0,1983-06-30,06/30/1983_24:00,15,,123.19430814524043
1983,7,8610.0,1983-07-31,07/31/1983_24:00,15,,124.60745829244357
1983,8,8510.0,1983-08-31,08/31/1983_24:00,15,,124.41118743866535
1983,9,8360.0,1983-09-30,09/30/1983_24:00,15,,124.11678115799802
1983,10,8360.0,1983-10-31,10/31/1983_24:00,15,,124.11678115799802
1983,11,7890.0,1983-11-30,11/30/1983_24:00,15,,123.19430814524043
1983,12,8260.0,1983-12-31,12/31/1983_24:00,15,,123.92051030421982
1984,1,8660.0,1984-01-31,01/31/1984_24:00,15,,124.70559371933265
1984,2,8260.0,1984-02-29,02/29/1984_24:00,15,,123.92051030421982
1984,3,8610.0,1984-03-31,03/31/1984_24:00,15,,124.60745829244357
1984,4,8410.0,1984-04-30,04/30/1984_24:00,15,,124.21491658488713
1984,5,8210.0,1984-05-31,05/31/1984_24:00,15,,123.82237487733072
1984,6,8410.0,1984-06-30,06/30/1984_24:00,15,,124.21491658488713
1984,7,8210.0,1984-07-31,07/31/1984_24:00,15,,123.82237487733072
1984,8,8460.0,1984-08-31,08/31/1984_24:00,15,,124.31305201177625
1984,9,8260.0,1984-09-30,09/30/1984_24:00,15,,123.92051030421982
1984,10,7980.0,1984-10-31,10/31/1984_24:00,15,,123.37095191364082
1984,11,7930.0,1984-11-30,11/30/1984_24:00,15,,123.27281648675171
1984,12,8030.0,1984-12-31,12/31/1984_24:00,15,,123.46908734052992
1985,1,8210.0,1985-01-31,01/31/1985_24:00,15,,123.82237487733072
1985,2,7890.0,1985-02-28,02/28/1985_24:00,15,,123.19430814524043
1985,3,8070.0,1985-03-31,03/31/1985_24:00,15,,123.54759568204122
1985,4,8170.0,1985-04-30,04/30/1985_24:00,15,,123.74386653581942
1985,5,8170.0,1985-05-31,05/31/1985_24:00,15,,123.74386653581942
1985,6,8410.0,1985-06-30,06/30/1985_24:00,15,,124.21491658488713
1985,7,8610.0,1985-07-31,07/31/1985_24:00,15,,124.60745829244357
1985,8,8510.0,1985-08-31,08/31/1985_24:00,15,,124.41118743866535
1985,9,8460.0,1985-09-30,09/30/1985_24:00,15,,124.31305201177625
1985,10,7650.0,1985-10-31,10/31/1985_24:00,15,,122.67586206896551
1985,11,8460.0,1985-11-30,11/30/1985_24:00,15,,124.31305201177625
1986,1,8820.0,1986-01-31,01/31/1986_24:00,15,,125.00000000000001
1986,2,8210.0,1986-02-28,02/28/1986_24:00,15,,123.82237487733072
1986,3,8410.0,1986-03-31,03/31/1986_24:00,15,,124.21491658488713
1986,4,8760.0,1986-04-30,04/30/1986_24:00,15,,124.90186457311088
1986,5,8760.0,1986-05-31,05/31/1986_24:00,15,,124.90186457311088
1986,6,8026.0,1986-06-30,06/30/1986_24:00,15,,123.4612365063788
1986,7,8869.0,1986-07-31,07/31/1986_24:00,15,,125.00000000000001
1986,8,8101.0,1986-08-31,08/31/1986_24:00,15,,123.60843964671245
1986,9,8460.0,1986-09-30,09/30/1986_24:00,15,,124.31305201177625
1986,10,8100.0,1986-10-31,10/31/1986_24:00,15,,123.6064769381747
1986,11,8340.0,1986-11-30,11/30/1986_24:00,15,,124.07752698724238
1986,12,8550.0,1986-12-31,12/31/1986_24:00,15,,124.48969578017663
1987,1,8410.0,1987-01-31,01/31/1987_24:00,15,,124.21491658488713
1987,2,8440.0,1987-02-28,02/28/1987_24:00,15,,124.27379784102061
1987,3,8002.0,1987-03-31,03/31/1987_24:00,15,,123.41413150147201
1987,4,8190.0,1987-04-30,04/30/1987_24:00,15,,123.78312070657506
1987,5,8256.0,1987-05-31,05/31/1987_24:00,15,,123.91265947006869
1987,6,8500.0,1987-06-30,06/30/1987_24:00,15,,124.39156035328753
1987,7,8531.0,1987-07-31,07/31/1987_24:00,15,,124.45240431795878
1987,8,8073.0,1987-08-31,08/31/1987_24:00,15,,123.55348380765454
1987,9,8700.0,1987-09-30,09/30/1987_24:00,15,,124.78410206084396
1987,10,8040.0,1987-10-31,10/31/1987_24:00,15,,123.48871442590774
1987,11,8223.0,1987-11-30,11/30/1987_24:00,15,,123.84789008832188
1987,12,8242.0,1987-12-31,12/31/1987_24:00,15,,123.88518155053973
1988,1,7955.0,1988-01-31,01/31/1988_24:00,15,,123.32188420019625
1988,2,8471.0,1988-02-29,02/29/1988_24:00,15,,124.33464180569185
1988,3,8021.0,1988-03-31,03/31/1988_24:00,15,,123.45142296368988
1988,4,8120.0,1988-04-30,04/30/1988_24:00,15,,123.6457311089303
1988,5,8242.0,1988-05-31,05/31/1988_24:00,15,,123.88518155053973
1988,6,8320.0,1988-06-30,06/30/1988_24:00,15,,124.03827281648675
1988,7,8120.0,1988-07-31,07/31/1988_24:00,15,,123.6457311089303
1988,8,7903.0,1988-08-31,08/31/1988_24:00,15,,123.21982335623159
1988,9,8150.0,1988-09-30,09/30/1988_24:00,15,,123.70461236506378
1988,10,8501.0,1988-10-31,10/31/1988_24:00,15,,124.39352306182533
1988,11,8077.0,1988-11-30,11/30/1988_24:00,15,,123.56133464180567
1988,12,7838.0,1988-12-31,12/31/1988_24:00,15,,123.09224730127575
1989,1,7955.0,1989-01-31,01/31/1989_24:00,15,,123.32188420019625
1989,2,8148.0,1989-02-28,02/28/1989_24:00,15,,123.70068694798823
1989,3,7890.0,1989-03-31,03/31/1989_24:00,15,,123.19430814524043
1989,4,8620.0,1989-04-30,04/30/1989_24:00,15,,124.62708537782139
1989,5,8060.0,1989-05-31,05/31/1989_24:00,15,,123.52796859666338
1989,6,7870.0,1989-06-30,06/30/1989_24:00,15,,123.15505397448477
1989,7,8631.0,1989-07-31,07/31/1989_24:00,15,,124.648675171737
1989,8,7990.0,1989-08-31,08/31/1989_24:00,15,,123.39057899901863
1989,9,8190.0,1989-09-30,09/30/1989_24:00,15,,123.78312070657506
1989,10,7988.0,1989-10-31,10/31/1989_24:00,15,,123.38665358194307
1989,11,7910.0,1989-11-30,11/30/1989_24:00,15,,123.23356231599607
1989,12,7847.0,1989-12-31,12/31/1989_24:00,15,,123.10991167811578
1990,1,7809.0,1990-01-31,01/31/1990_24:00,15,,123.03532875368008
1990,2,7913.0,1990-02-28,02/28/1990_24:00,15,,123.2394504416094
1990,3,7885.0,1990-03-31,03/31/1990_24:00,15,,123.1844946025515
1990,4,8223.0,1990-04-30,04/30/1990_24:00,15,,123.84789008832188
1990,5,8010.0,1990-05-31,05/31/1990_24:00,15,,123.42983316977428
1990,6,8242.0,1990-06-30,06/30/1990_24:00,15,,123.88518155053973
1990,7,8280.0,1990-07-31,07/31/1990_24:00,15,,123.95976447497546
1990,8,8044.0,1990-08-31,08/31/1990_24:00,15,,123.49656526005887
1990,9,7988.0,1990-09-30,09/30/1990_24:00,15,,123.38665358194307
1990,10,7782.0,1990-10-31,10/31/1990_24:00,15,,122.97931034482758
1990,11,7750.0,1990-11-30,11/30/1990_24:00,15,,122.90574712643678
1990,12,7908.0,1990-12-31,12/31/1990_24:00,15,,123.2296368989205
1991,1,7660.0,1991-01-31,01/31/1991_24:00,15,,122.69885057471264
1991,2,8077.0,1991-02-28,02/28/1991_24:00,15,,123.56133464180567
1991,3,7110.0,1991-03-31,03/31/1991_24:00,15,,121.4344827586207
1991,4,7620.0,1991-04-30,04/30/1991_24:00,15,,122.60689655172413
1991,5,7927.0,1991-05-31,05/31/1991_24:00,15,,123.26692836113837
1991,6,7983.0,1991-06-30,06/30/1991_24:00,15,,123.37684003925416
1991,7,8087.0,1991-07-31,07/31/1991_24:00,15,,123.5809617271835
1991,8,7842.0,1991-08-31,08/31/1991_24:00,15,,123.10009813542688
1991,9,7993.0,1991-09-30,09/30/1991_24:00,15,,123.396467124632
1991,10,7932.0,1991-10-31,10/31/1991_24:00,15,,123.27674190382727
1991,11,7828.0,1991-11-30,11/30/1991_24:00,15,,123.07262021589794
1991,12,7823.0,1991-12-31,12/31/1991_24:00,15,,123.06280667320902
1992,1,7852.0,1992-01-31,01/31/1992_24:00,15,,123.11972522080471
1992,2,7814.0,1992-02-29,02/29/1992_24:00,15,,123.04514229636898
1992,3,7570.0,1992-03-31,03/31/1992_24:00,15,,122.49195402298851
1992,4,7571.0,1992-04-30,04/30/1992_24:00,15,,122.49425287356321
1992,5,7683.0,1992-05-31,05/31/1992_24:00,15,,122.75172413793103
1992,6,8471.0,1992-06-30,06/30/1992_24:00,15,,124.33464180569185
1992,7,8311.0,1992-07-31,07/31/1992_24:00,15,,124.02060843964671
1992,8,7611.0,1992-08-31,08/31/1992_24:00,15,,122.58620689655172
1992,9,8073.0,1992-09-30,09/30/1992_24:00,15,,123.55348380765454
1992,10,7732.0,1992-10-31,10/31/1992_24:00,15,,122.86436781609194
1992,11,7530.0,1992-11-30,11/30/1992_24:00,15,,122.39999999999999
1992,12,7345.0,1992-12-31,12/31/1992_24:00,15,,121.97471264367816
1993,1,8120.0,1993-01-31,01/31/1993_24:00,15,,123.6457311089303
1993,2,7372.0,1993-02-28,02/28/1993_24:00,15,,122.0367816091954
1993,3,7927.0,1993-03-31,03/31/1993_24:00,15,,123.26692836113837
1993,4,7710.0,1993-04-30,04/30/1993_24:00,15,,122.81379310344829
1993,5,7660.0,1993-05-31,05/31/1993_24:00,15,,122.69885057471264
1993,6,7503.0,1993-06-30,06/30/1993_24:00,15,,122.33793103448276
1993,7,7927.0,1993-07-31,07/31/1993_24:00,15,,123.26692836113837
1993,8,7377.0,1993-08-31,08/31/1993_24:00,15,,122.04827586206896
1993,9,7723.0,1993-09-30,09/30/1993_24:00,15,,122.84367816091954
1993,10,8426.0,1993-10-31,10/31/1993_24:00,15,,124.24631992149166
1993,11,7885.0,1993-11-30,11/30/1993_24:00,15,,123.1844946025515
1993,12,8134.0,1993-12-31,12/31/1993_24:00,15,,123.67320902845927
1994,1,7795.0,1994-01-31,01/31/1994_24:00,15,,123.00785083415111
1994,2,7970.0,1994-02-28,02/28/1994_24:00,15,,123.35132482826299
1994,3,8158.0,1994-03-31,03/31/1994_24:00,15,,123.72031403336604
1994,4,8035.0,1994-04-30,04/30/1994_24:00,15,,123.47890088321883
1994,5,8105.0,1994-05-31,05/31/1994_24:00,15,,123.61629048086358
1994,6,8021.0,1994-06-30,06/30/1994_24:00,15,,123.45142296368988
1994,7,7861.0,1994-07-31,07/31/1994_24:00,15,,123.13738959764474
1994,8,8148.0,1994-08-31,08/31/1994_24:00,15,,123.70068694798823
1994,9,7903.0,1994-09-30,09/30/1994_24:00,15,,123.21982335623159
1994,10,8016.0,1994-10-31,10/31/1994_24:00,15,,123.44160942100098
1994,11,7899.0,1994-11-30,11/30/1994_24:00,15,,123.21197252208046
1994,12,8124.0,1994-12-31,12/31/1994_24:00,15,,123.65358194308143
1995,1,7640.0,1995-01-31,01/31/1995_24:00,15,,122.65287356321839
1995,2,8002.0,1995-02-28,02/28/1995_24:00,15,,123.41413150147201
1995,3,7755.0,1995-03-31,03/31/1995_24:00,15,,122.91724137931035
1995,4,7665.0,1995-04-30,04/30/1995_24:00,15,,122.7103448275862
1995,5,7606.0,1995-05-31,05/31/1995_24:00,15,,122.57471264367815
1995,6,7728.0,1995-06-30,06/30/1995_24:00,15,,122.8551724137931
1995,7,8157.0,1995-07-31,07/31/1995_24:00,15,,123.71835132482825
1995,8,7724.0,1995-08-31,08/31/1995_24:00,15,,122.84597701149426
1995,9,7350.0,1995-09-30,09/30/1995_24:00,15,,121.98620689655172
1995,10,8138.0,1995-10-31,10/31/1995_24:00,15,,123.6810598626104
1995,11,7710.0,1995-11-30,11/30/1995_24:00,15,,122.81379310344829
1995,12,8148.0,1995-12-31,12/31/1995_24:00,15,,123.70068694798823
1996,1,8021.0,1996-01-31,01/31/1996_24:00,15,,123.45142296368988
1996,2,7946.0,1996-02-29,02/29/1996_24:00,15,,123.30421982335622
1996,3,8110.0,1996-03-31,03/31/1996_24:00,15,,123.62610402355249
1996,4,8058.0,1996-04-30,04/30/1996_24:00,15,,123.52404317958782
1996,5,8058.0,1996-05-31,05/31/1996_24:00,15,,123.52404317958782
1996,6,8426.0,1996-06-30,06/30/1996_24:00,15,,124.24631992149166
1996,7,8296.0,1996-07-31,07/31/1996_24:00,15,,123.99116781157997
1996,8,8446.0,1996-08-31,08/31/1996_24:00,15,,124.28557409224729
1996,9,8148.0,1996-09-30,09/30/1996_24:00,15,,123.70068694798823
1996,10,8138.0,1996-10-31,10/31/1996_24:00,15,,123.6810598626104
1996,11,8281.0,1996-11-30,11/30/1996_24:00,15,,123.96172718351323
1996,12,7181.0,1996-12-31,12/31/1996_24:00,15,,121.59770114942529
1997,1,7696.0,1997-01-31,01/31/1997_24:00,15,,122.7816091954023
1997,2,7638.0,1997-02-28,02/28/1997_24:00,15,,122.64827586206897
1997,3,7819.0,1997-03-31,03/31/1997_24:00,15,,123.0549558390579
1997,4,8296.0,1997-04-30,04/30/1997_24:00,15,,123.99116781157997
1997,5,7922.0,1997-05-31,05/31/1997_24:00,15,,123.25711481844945
1997,6,8176.0,1997-06-30,06/30/1997_24:00,15,,123.75564278704611
1997,7,7988.0,1997-07-31,07/31/1997_24:00,15,,123.38665358194307
1997,8,7809.0,1997-08-31,08/31/1997_24:00,15,,123.03532875368008
1997,9,8214.0,1997-09-30,09/30/1997_24:00,15,,123.83022571148184
1997,10,7932.0,1997-10-31,10/31/1997_24:00,15,,123.27674190382727
1997,11,8256.0,1997-11-30,11/30/1997_24:00,15,,123.91265947006869
1997,12,8296.0,1997-12-31,12/31/1997_24:00,15,,123.99116781157997
1998,1,8421.0,1998-01-31,01/31/1998_24:00,15,,124.23650637880274
1998,2,7889.0,1998-02-28,02/28/1998_24:00,15,,123.19234543670265
1998,3,6959.0,1998-03-31,03/31/1998_24:00,15,,121.08735632183908
1998,4,7692.0,1998-04-30,04/30/1998_24:00,15,,122.77241379310345
1998,6,8256.0,1998-06-30,06/30/1998_24:00,15,,123.91265947006869
1998,7,8064.0,1998-07-31,07/31/1998_24:00,15,,123.53581943081451
1998,8,8351.0,1998-08-31,08/31/1998_24:00,15,,124.09911678115799
1998,9,8531.0,1998-09-30,09/30/1998_24:00,15,,124.45240431795878
1998,10,7746.0,1998-10-31,10/31/1998_24:00,15,,122.89655172413794
1998,11,8521.0,1998-11-30,11/30/1998_24:00,15,,124.43277723258095
1998,12,8016.0,1998-12-31,12/31/1998_24:00,15,,123.44160942100098
1999,1,8456.0,1999-01-31,01/31/1999_24:00,15,,124.30520117762512
1999,2,8058.0,1999-02-28,02/28/1999_24:00,15,,123.52404317958782
1999,3,7927.0,1999-03-31,03/31/1999_24:00,15,,123.26692836113837
1999,4,7530.0,1999-04-30,04/30/1999_24:00,15,,122.39999999999999
1999,5,7741.0,1999-05-31,05/31/1999_24:00,15,,122.88505747126436
1999,6,8035.0,1999-06-30,06/30/1999_24:00,15,,123.47890088321883
1999,7,7955.0,1999-07-31,07/31/1999_24:00,15,,123.32188420019625
1999,8,8087.0,1999-08-31,08/31/1999_24:00,15,,123.5809617271835
1999,9,8011.0,1999-09-30,09/30/1999_24:00,15,,123.43179587831207
1999,10,7089.0,1999-10-31,10/31/1999_24:00,15,,121.38620689655171
1999,11,7741.0,1999-11-30,11/30/1999_24:00,15,,122.88505747126436
1999,12,7665.0,1999-12-31,12/31/1999_24:00,15,,122.7103448275862
2000,1,7642.0,2000-01-31,01/31/2000_24:00,15,,122.65747126436781
2000,2,7810.0,2000-02-29,02/29/2000_24:00,15,,123.03729146221785
2000,3,8176.0,2000-03-31,03/31/2000_24:00,15,,123.75564278704611
2000,4,8101.0,2000-04-30,04/30/2000_24:00,15,,123.60843964671245
2000,5,7932.0,2000-05-31,05/31/2000_24:00,15,,123.27674190382727
2000,6,8194.0,2000-06-30,06/30/2000_24:00,15,,123.79097154072619
2000,7,8491.0,2000-07-31,07/31/2000_24:00,15,,124.37389597644747
2000,8,8125.0,2000-08-31,08/31/2000_24:00,15,,123.65554465161921
2000,9,7692.0,2000-09-30,09/30/2000_24:00,15,,122.77241379310345
2000,10,8346.0,2000-10-31,10/31/2000_24:00,15,,124.08930323846909
2000,11,8781.0,2000-11-30,11/30/2000_24:00,15,,124.94308145240431
2000,12,8106.0,2000-12-31,12/31/2000_24:00,15,,123.61825318940136
2001,1,7458.0,2001-01-31,01/31/2001_24:00,15,,122.23448275862069
2001,2,8003.0,2001-02-28,02/28/2001_24:00,15,,123.41609421000979
2001,3,7724.0,2001-03-31,03/31/2001_24:00,15,,122.84597701149426
2001,4,7701.0,2001-04-30,04/30/2001_24:00,15,,122.79310344827587
2001,5,7904.0,2001-05-31,05/31/2001_24:00,15,,123.22178606476938
2001,6,7866.0,2001-06-30,06/30/2001_24:00,15,,123.14720314033364
2001,7,8115.0,2001-07-31,07/31/2001_24:00,15,,123.63591756624142
2001,8,8101.0,2001-08-31,08/31/2001_24:00,15,,123.60843964671245
2001,9,8045.0,2001-09-30,09/30/2001_24:00,15,,123.49852796859666
2001,10,8172.0,2001-10-31,10/31/2001_24:00,15,,123.74779195289497
2001,11,7571.0,2001-11-30,11/30/2001_24:00,15,,122.49425287356321
2001,12,7909.0,2001-12-31,12/31/2001_24:00,15,,123.23159960745828
2002,1,7593.0,2002-01-31,01/31/2002_24:00,15,,122.5448275862069
2002,2,7692.0,2002-02-28,02/28/2002_24:00,15,,122.77241379310345
2002,3,7899.0,2002-03-31,03/31/2002_24:00,15,,123.21197252208046
2002,4,8421.0,2002-04-30,04/30/2002_24:00,15,,124.23650637880274
2002,5,8007.0,2002-05-31,05/31/2002_24:00,15,,123.42394504416094
2002,6,8176.0,2002-06-30,06/30/2002_24:00,15,,123.75564278704611
2002,7,8271.0,2002-07-31,07/31/2002_24:00,15,,123.94210009813541
2002,8,8286.0,2002-08-31,08/31/2002_24:00,15,,123.97154072620214
2002,9,8050.0,2002-09-30,09/30/2002_24:00,15,,123.50834151128555
2002,10,8209.0,2002-10-31,10/31/2002_24:00,15,,123.82041216879293
2002,11,8111.0,2002-11-30,11/30/2002_24:00,15,,123.62806673209028
2002,12,7960.0,2002-12-31,12/31/2002_24:00,15,,123.33169774288517
2003,1,8316.0,2003-01-31,01/31/2003_24:00,15,,124.03042198233561
2003,2,8516.0,2003-02-28,02/28/2003_24:00,15,,124.42296368989204
2003,3,7899.0,2003-03-31,03/31/2003_24:00,15,,123.21197252208046
2003,4,8601.0,2003-04-30,04/30/2003_24:00,15,,124.58979391560352
2003,5,7760.0,2003-05-31,05/31/2003_24:00,15,,122.9287356321839
2003,6,7941.0,2003-06-30,06/30/2003_24:00,15,,123.29440628066732
2003,7,8306.0,2003-07-31,07/31/2003_24:00,15,,124.0107948969578
2003,8,7847.0,2003-08-31,08/31/2003_24:00,15,,123.10991167811578
2003,9,8026.0,2003-09-30,09/30/2003_24:00,15,,123.4612365063788
2003,10,8326.0,2003-10-31,10/31/2003_24:00,15,,124.05004906771343
2003,11,8195.0,2003-11-30,11/30/2003_24:00,15,,123.79293424926396
2003,12,8181.0,2003-12-31,12/31/2003_24:00,15,,123.76545632973503
2004,1,8040.0,2004-01-31,01/31/2004_24:00,15,,123.48871442590774
2004,2,7998.0,2004-02-29,02/29/2004_24:00,15,,123.40628066732089
2004,3,7862.0,2004-03-31,03/31/2004_24:00,15,,123.13935230618252
2004,4,8205.0,2004-04-30,04/30/2004_24:00,15,,123.8125613346418
2004,5,7602.0,2004-05-31,05/31/2004_24:00,15,,122.56551724137931
2004,6,8228.0,2004-06-30,06/30/2004_24:00,15,,123.85770363101078
2004,7,8252.0,2004-07-31,07/31/2004_24:00,15,,123.90480863591756
2004,8,8281.0,2004-08-31,08/31/2004_24:00,15,,123.96172718351323
2004,9,8035.0,2004-09-30,09/30/2004_24:00,15,,123.47890088321883
2004,10,7787.0,2004-10-31,10/31/2004_24:00,15,,122.99080459770114
2004,11,8120.0,2004-11-30,11/30/2004_24:00,15,,123.6457311089303
2004,12,7946.0,2004-12-31,12/31/2004_24:00,15,,123.30421982335622
2005,1,7885.0,2005-01-31,01/31/2005_24:00,15,,123.1844946025515
2005,2,7148.0,2005-02-28,02/28/2005_24:00,15,,121.52183908045976
2005,3,8461.0,2005-03-31,03/31/2005_24:00,15,,124.31501472031402
2005,4,7647.0,2005-04-30,04/30/2005_24:00,15,,122.66896551724139
2005,5,6980.0,2005-05-31,05/31/2005_24:00,15,,121.13563218390804
2005,6,8144.0,2005-06-30,06/30/2005_24:00,15,,123.69283611383709
2005,7,8626.0,2005-07-31,07/31/2005_24:00,15,,124.63886162904807
2005,8,8676.0,2005-08-31,08/31/2005_24:00,15,,124.73699705593718
2005,9,8181.0,2005-09-30,09/30/2005_24:00,15,,123.76545632973503
2005,10,8111.0,2005-10-31,10/31/2005_24:00,15,,123.62806673209028
2005,11,8361.0,2005-11-30,11/30/2005_24:00,15,,124.11874386653581
2005,12,7270.0,2005-12-31,12/31/2005_24:00,15,,121.80229885057472
2006,1,7436.0,2006-01-31,01/31/2006_24:00,15,,122.183908045977
2006,2,7805.0,2006-02-28,02/28/2006_24:00,15,,123.02747791952895
2006,3,7857.0,2006-03-31,03/31/2006_24:00,15,,123.12953876349361
2006,4,7833.0,2006-04-30,04/30/2006_24:00,15,,123.08243375858683
2006,5,8003.0,2006-05-31,05/31/2006_24:00,15,,123.41609421000979
2006,6,7674.0,2006-06-30,06/30/2006_24:00,15,,122.73103448275862
2006,7,7970.0,2006-07-31,07/31/2006_24:00,15,,123.35132482826299
2006,8,7904.0,2006-08-31,08/31/2006_24:00,15,,123.22178606476938
2006,9,7847.0,2006-09-30,09/30/2006_24:00,15,,123.10991167811578
2006,10,7719.0,2006-10-31,10/31/2006_24:00,15,,122.83448275862068
2006,11,7899.0,2006-11-30,11/30/2006_24:00,15,,123.21197252208046
2006,12,8144.0,2006-12-31,12/31/2006_24:00,15,,123.69283611383709
2007,1,7476.0,2007-01-31,01/31/2007_24:00,15,,122.27586206896551
2007,2,8050.0,2007-02-28,02/28/2007_24:00,15,,123.50834151128555
2007,3,7932.0,2007-03-31,03/31/2007_24:00,15,,123.27674190382727
2007,4,8158.0,2007-04-30,04/30/2007_24:00,15,,123.72031403336604
2007,5,7733.0,2007-05-31,05/31/2007_24:00,15,,122.86666666666666
2007,6,8087.0,2007-06-30,06/30/2007_24:00,15,,123.5809617271835
2007,7,7885.0,2007-07-31,07/31/2007_24:00,15,,123.1844946025515
2007,8,7764.0,2007-08-31,08/31/2007_24:00,15,,122.93793103448276
2007,9,8158.0,2007-09-30,09/30/2007_24:00,15,,123.72031403336604
2007,10,7652.0,2007-10-31,10/31/2007_24:00,15,,122.68045977011494
2007,11,7341.0,2007-11-30,11/30/2007_24:00,15,,121.9655172413793
2007,12,7575.0,2007-12-31,12/31/2007_24:00,15,,122.50344827586206
2008,1,7139.0,2008-01-31,01/31/2008_24:00,15,,121.50114942528737
2008,2,7847.0,2008-02-29,02/29/2008_24:00,15,,123.10991167811578
2008,3,7584.0,2008-03-31,03/31/2008_24:00,15,,122.52413793103449
2008,4,7876.0,2008-04-30,04/30/2008_24:00,15,,123.16683022571146
2008,5,8176.0,2008-05-31,05/31/2008_24:00,15,,123.75564278704611
2008,6,8195.0,2008-06-30,06/30/2008_24:00,15,,123.79293424926396
2008,7,8456.0,2008-07-31,07/31/2008_24:00,15,,124.30520117762512
2008,8,7998.0,2008-08-31,08/31/2008_24:00,15,,123.40628066732089
2008,9,8078.0,2008-09-30,09/30/2008_24:00,15,,123.56329735034346
2008,10,7391.0,2008-10-31,10/31/2008_24:00,15,,122.08045977011494
2008,11,8035.0,2008-11-30,11/30/2008_24:00,15,,123.47890088321883
2008,12,7670.0,2008-12-31,12/31/2008_24:00,15,,122.72183908045977
2009,1,7539.0,2009-01-31,01/31/2009_24:00,15,,122.42068965517242
2009,2,8087.0,2009-02-28,02/28/2009_24:00,15,,123.5809617271835
2009,3,7670.0,2009-03-31,03/31/2009_24:00,15,,122.72183908045977
2009,4,8007.0,2009-04-30,04/30/2009_24:00,15,,123.42394504416094
2009,5,8511.0,2009-05-31,05/31/2009_24:00,15,,124.41315014720314
2009,6,8401.0,2009-06-30,06/30/2009_24:00,15,,124.19725220804709
2009,7,8446.0,2009-07-31,07/31/2009_24:00,15,,124.28557409224729
2009,8,8451.0,2009-08-31,08/31/2009_24:00,15,,124.29538763493622
2009,9,8040.0,2009-09-30,09/30/2009_24:00,15,,123.48871442590774
2009,10,7988.0,2009-10-31,10/31/2009_24:00,15,,123.38665358194307
2009,11,8252.0,2009-11-30,11/30/2009_24:00,15,,123.90480863591756
2009,12,8341.0,2009-12-31,12/31/2009_24:00,15,,124.07948969578017
2010,1,7904.0,2010-01-31,01/31/2010_24:00,15,,123.22178606476938
2010,2,7517.0,2010-02-28,02/28/2010_24:00,15,,122.37011494252872
2010,3,7409.0,2010-03-31,03/31/2010_24:00,15,,122.12183908045978
2010,4,7584.0,2010-04-30,04/30/2010_24:00,15,,122.52413793103449
2010,5,8148.0,2010-05-31,05/31/2010_24:00,15,,123.70068694798823
2010,6,8040.0,2010-06-30,06/30/2010_24:00,15,,123.48871442590774
2010,7,8261.0,2010-07-31,07/31/2010_24:00,15,,123.92247301275759
2010,8,8421.0,2010-08-31,08/31/2010_24:00,15,,124.23650637880274
2010,9,8087.0,2010-09-30,09/30/2010_24:00,15,,123.5809617271835
2010,10,7688.0,2010-10-31,10/31/2010_24:00,15,,122.7632183908046
2010,11,7843.0,2010-11-30,11/30/2010_24:00,15,,123.10206084396467
2010,12,7885.0,2010-12-31,12/31/2010_24:00,15,,123.1844946025515
2011,1,7602.0,2011-01-31,01/31/2011_24:00,15,,122.56551724137931
2011,2,7368.0,2011-02-28,02/28/2011_24:00,15,,122.02758620689656
2011,3,7710.0,2011-03-31,03/31/2011_24:00,15,,122.81379310344829
2011,4,7476.0,2011-04-30,04/30/2011_24:00,15,,122.27586206896551
2011,5,7575.0,2011-05-31,05/31/2011_24:00,15,,122.50344827586206
2011,6,7544.0,2011-06-30,06/30/2011_24:00,15,,122.43218390804597
2011,7,8125.0,2011-07-31,07/31/2011_24:00,15,,123.65554465161921
2011,8,8476.0,2011-08-31,08/31/2011_24:00,15,,124.34445534838076
2011,9,8301.0,2011-09-30,09/30/2011_24:00,15,,124.00098135426887
2011,10,8050.0,2011-10-31,10/31/2011_24:00,15,,123.50834151128555
2011,11,8416.0,2011-11-30,11/30/2011_24:00,15,,124.22669283611381
2011,12,8209.0,2011-12-31,12/31/2011_24:00,15,,123.82041216879293
2012,1,7866.0,2012-01-31,01/31/2012_24:00,15,,123.14720314033364
2012,2,7899.0,2012-02-29,02/29/2012_24:00,15,,123.21197252208046
2012,3,7843.0,2012-03-31,03/31/2012_24:00,15,,123.10206084396467
2012,4,7946.0,2012-04-30,04/30/2012_24:00,15,,123.30421982335622
2012,5,8181.0,2012-05-31,05/31/2012_24:00,15,,123.76545632973503
2012,6,8506.0,2012-06-30,06/30/2012_24:00,15,,124.40333660451421
2012,7,8601.0,2012-07-31,07/31/2012_24:00,15,,124.58979391560352
2012,8,8371.0,2012-08-31,08/31/2012_24:00,15,,124.13837095191363
2012,9,7566.0,2012-09-30,09/30/2012_24:00,15,,122.48275862068965
2012,10,7913.0,2012-10-31,10/31/2012_24:00,15,,123.2394504416094
2012,11,8476.0,2012-11-30,11/30/2012_24:00,15,,124.34445534838076
2012,12,7643.0,2012-12-31,12/31/2012_24:00,15,,122.65977011494253
2013,1,7240.0,2013-01-31,01/31/2013_24:00,15,,121.73333333333332
2013,2,7824.0,2013-02-28,02/28/2013_24:00,15,,123.0647693817468
2013,3,7960.0,2013-03-31,03/31/2013_24:00,15,,123.33169774288517
2013,4,8153.0,2013-04-30,04/30/2013_24:00,15,,123.71050049067712
2013,5,8026.0,2013-05-31,05/31/2013_24:00,15,,123.4612365063788
2013,6,8167.0,2013-06-30,06/30/2013_24:00,15,,123.73797841020608
2013,7,8621.0,2013-07-31,07/31/2013_24:00,15,,124.62904808635918
2013,8,7909.0,2013-08-31,08/31/2013_24:00,15,,123.23159960745828
2013,9,7819.0,2013-09-30,09/30/2013_24:00,15,,123.0549558390579
2013,10,8238.0,2013-10-31,10/31/2013_24:00,15,,123.8773307163886
2013,11,7368.0,2013-11-30,11/30/2013_24:00,15,,122.02758620689656
2014,1,8021.0,2014-01-31,01/31/2014_24:00,15,,123.45142296368988
2014,2,8035.0,2014-02-28,02/28/2014_24:00,15,,123.47890088321883
2014,3,7299.0,2014-03-31,03/31/2014_24:00,15,,121.86896551724138
2014,4,7918.0,2014-04-30,04/30/2014_24:00,15,,123.24926398429832
2014,5,7778.0,2014-05-31,05/31/2014_24:00,15,,122.97011494252872
2014,6,8371.0,2014-06-30,06/30/2014_24:00,15,,124.13837095191363
2014,7,8059.0,2014-07-31,07/31/2014_24:00,15,,123.52600588812561
2014,8,8181.0,2014-08-31,08/31/2014_24:00,15,,123.76545632973503
2014,10,7956.0,2014-10-31,10/31/2014_24:00,15,,123.32384690873404
2014,11,8158.0,2014-11-30,11/30/2014_24:00,15,,123.72031403336604
2014,12,7562.0,2014-12-31,12/31/2014_24:00,15,,122.47356321839081
2015,1,7526.0,2015-01-31,01/31/2015_24:00,15,,122.39080459770115
2015,2,7093.0,2015-02-28,02/28/2015_24:00,15,,121.39540229885057
2015,3,8125.0,2015-03-31,03/31/2015_24:00,15,,123.65554465161921
2015,4,7913.0,2015-04-30,04/30/2015_24:00,15,,123.2394504416094
2015,5,7539.0,2015-05-31,05/31/2015_24:00,15,,122.42068965517242
2015,6,8346.0,2015-06-30,06/30/2015_24:00,15,,124.08930323846909
2015,7,7571.0,2015-07-31,07/31/2015_24:00,15,,122.49425287356321
2015,8,8026.0,2015-08-31,08/31/2015_24:00,15,,123.4612365063788
2015,9,7530.0,2015-09-30,09/30/2015_24:00,15,,122.39999999999999
2015,10,7286.0,2015-10-31,10/31/2015_24:00,15,,121.83908045977012
2015,11,7503.0,2015-11-30,11/30/2015_24:00,15,,122.33793103448276
2015,12,7278.0,2015-12-31,12/31/2015_24:00,15,,121.8206896551724
2016,2,7593.0,2016-02-29,02/29/2016_24:00,15,,122.5448275862069
2016,3,7521.0,2016-03-31,03/31/2016_24:00,15,,122.37931034482759
2016,4,8059.0,2016-04-30,04/30/2016_24:00,15,,123.52600588812561
2016,5,7742.0,2016-05-31,05/31/2016_24:00,15,,122.88735632183908
2016,6,7998.0,2016-06-30,06/30/2016_24:00,15,,123.40628066732089
2016,7,8139.0,2016-07-31,07/31/2016_24:00,15,,123.68302257114817
2016,8,8129.0,2016-08-31,08/31/2016_24:00,15,,123.66339548577037
2016,9,8167.0,2016-09-30,09/30/2016_24:00,15,,123.73797841020608
2016,10,8656.0,2016-10-31,10/31/2016_24:00,15,,124.69774288518153
2016,11,7984.0,2016-11-30,11/30/2016_24:00,15,,123.37880274779194
2016,12,7923.0,2016-12-31,12/31/2016_24:00,15,,123.25907752698724
2017,2,8306.0,2017-02-28,02/28/2017_24:00,15,,124.0107948969578
2017,3,7286.0,2017-03-31,03/31/2017_24:00,15,,121.83908045977012
2017,4,7499.0,2017-04-30,04/30/2017_24:00,15,,122.3287356321839
2017,5,7386.0,2017-05-31,05/31/2017_24:00,15,,122.06896551724137
2017,6,7688.0,2017-06-30,06/30/2017_24:00,15,,122.7632183908046
2017,7,8153.0,2017-07-31,07/31/2017_24:00,15,,123.71050049067712
2017,8,7638.0,2017-08-31,08/31/2017_24:00,15,,122.64827586206897
2017,9,8311.0,2017-09-30,09/30/2017_24:00,15,,124.02060843964671
2017,10,7611.0,2017-10-31,10/31/2017_24:00,15,,122.58620689655172
2017,11,8120.0,2017-11-30,11/30/2017_24:00,15,,123.6457311089303
2017,12,8017.0,2017-12-31,12/31/2017_24:00,15,,123.44357212953875
2018,1,8233.0,2018-01-31,01/31/2018_24:00,15,,123.8675171736997
2018,2,7885.0,2018-02-28,02/28/2018_24:00,15,,123.1844946025515
2018,3,8311.0,2018-03-31,03/31/2018_24:00,15,,124.02060843964671
2018,4,8101.0,2018-04-30,04/30/2018_24:00,15,,123.60843964671245
2018,5,7629.0,2018-05-31,05/31/2018_24:00,15,,122.62758620689654
2018,6,8031.0,2018-06-30,06/30/2018_24:00,15,,123.4710500490677
2018,7,7880.0,2018-07-31,07/31/2018_24:00,15,,123.1746810598626
2018,8,7467.0,2018-08-31,08/31/2018_24:00,15,,122.2551724137931
2018,9,7679.0,2018-09-30,09/30/2018_24:00,15,,122.74252873563218
2018,10,7760.0,2018-10-31,10/31/2018_24:00,15,,122.9287356321839
2018,11,7791.0,2018-11-30,11/30/2018_24:00,15,,122.99999999999999
2018,12,7715.0,2018-12-31,12/31/2018_24:00,15,,122.82528735632184
2019,1,7499.0,2019-01-31,01/31/2019_24:00,15,,122.3287356321839
2019,2,8045.0,2019-02-28,02/28/2019_24:00,15,,123.49852796859666
2019,3,7089.0,2019-03-31,03/31/2019_24:00,15,,121.38620689655171
2019,4,7715.0,2019-04-30,04/30/2019_24:00,15,,122.82528735632184
2019,5,7404.0,2019-05-31,05/31/2019_24:00,15,,122.1103448275862
2019,6,7629.0,2019-06-30,06/30/2019_24:00,15,,122.62758620689654
2019,7,8361.0,2019-07-31,07/31/2019_24:00,15,,124.11874386653581
2019,8,7710.0,2019-08-31,08/31/2019_24:00,15,,122.81379310344829
2019,9,7485.0,2019-09-30,09/30/2019_24:00,15,,122.29655172413793
2019,10,7843.0,2019-10-31,10/31/2019_24:00,15,,123.10206084396467
2019,11,7838.0,2019-11-30,11/30/2019_24:00,15,,123.09224730127575
2019,12,7988.0,2019-12-31,12/31/2019_24:00,15,,123.38665358194307
2020,1,7880.0,2020-01-31,01/31/2020_24:00,15,,123.1746810598626
2020,2,8031.0,2020-02-29,02/29/2020_24:00,15,,123.4710500490677
2020,3,7742.0,2020-03-31,03/31/2020_24:00,15,,122.88735632183908
2020,4,7899.0,2020-04-30,04/30/2020_24:00,15,,123.21197252208046
2020,5,7880.0,2020-05-31,05/31/2020_24:00,15,,123.1746810598626
2020,6,8017.0,2020-06-30,06/30/2020_24:00,15,,123.44357212953875
2020,7,8134.0,2020-07-31,07/31/2020_24:00,15,,123.67320902845927
2020,8,8082.0,2020-08-31,08/31/2020_24:00,15,,123.57114818449459
2020,9,8026.0,2020-09-30,09/30/2020_24:00,15,,123.4612365063788
2020,10,8233.0,2020-10-31,10/31/2020_24:00,15,,123.8675171736997
2020,11,8120.0,2020-11-30,11/30/2020_24:00,15,,123.6457311089303
2020,12,7979.0,2020-12-31,12/31/2020_24:00,15,,123.36898920510303
2021,1,8172.0,2021-01-31,01/31/2021_24:00,15,,123.74779195289497
2021,2,8486.0,2021-02-28,02/28/2021_24:00,15,,124.36408243375858
2021,3,8209.0,2021-03-31,03/31/2021_24:00,15,,123.82041216879293
2021,4,7521.0,2021-04-30,04/30/2021_24:00,15,,122.37931034482759
2021,5,8421.0,2021-05-31,05/31/2021_24:00,15,,124.23650637880274
2021,6,8200.0,2021-06-30,06/30/2021_24:00,15,,123.80274779195288
2021,7,8073.0,2021-07-31,07/31/2021_24:00,15,,123.55348380765454
2021,8,7819.0,2021-08-31,08/31/2021_24:00,15,,123.0549558390579
2021,9,7960.0,2021-09-30,09/30/2021_24:00,15,,123.33169774288517
2021,10,7904.0,2021-10-31,10/31/2021_24:00,15,,123.22178606476938
2021,11,7303.0,2021-11-30,11/30/2021_24:00,15,,121.87816091954022
2021,12,7553.0,2021-12-31,12/31/2021_24:00,15,,122.4528735632184
2022,1,7665.0,2022-01-31,01/31/2022_24:00,15,,122.7103448275862
2022,2,7270.0,2022-02-28,02/28/2022_24:00,15,,121.80229885057472
2022,3,8040.0,2022-03-31,03/31/2022_24:00,15,,123.48871442590774
2022,4,7819.0,2022-04-30,04/30/2022_24:00,15,,123.0549558390579
2022,5,7951.0,2022-05-31,05/31/2022_24:00,15,,123.31403336604512
2022,6,7270.0,2022-06-30,06/30/2022_24:00,15,,121.80229885057472
2022,7,7796.0,2022-07-31,07/31/2022_24:00,15,,123.0098135426889
2022,8,7800.0,2022-08-31,08/31/2022_24:00,15,,123.01766437684003
2022,9,7620.0,2022-09-30,09/30/2022_24:00,15,,122.60689655172413
2022,10,7463.0,2022-10-31,10/31/2022_24:00,15,,122.24597701149426
2022,11,7602.0,2022-11-30,11/30/2022_24:00,15,,122.56551724137931
2022,12,7755.0,2022-12-31,12/31/2022_24:00,15,,122.91724137931035
2023,1,7710.0,2023-01-31,01/31/2023_24:00,15,,122.81379310344829
2023,2,8045.0,2023-02-28,02/28/2023_24:00,15,,123.49852796859666
2023,3,7364.0,2023-03-31,03/31/2023_24:00,15,,122.01839080459769
2023,4,7521.0,2023-04-30,04/30/2023_24:00,15,,122.37931034482759
2023,5,7862.0,2023-05-31,05/31/2023_24:00,15,,123.13935230618252
2023,6,8238.0,2023-06-30,06/30/2023_24:00,15,,123.8773307163886
2023,7,8012.0,2023-07-31,07/31/2023_24:00,15,,123.43375858684983
2023,8,7847.0,2023-08-31,08/31/2023_24:00,15,,123.10991167811578
2023,9,7913.0,2023-09-30,09/30/2023_24:00,15,,123.2394504416094
2023,10,7810.0,2023-10-31,10/31/2023_24:00,15,,123.03729146221785
2023,11,8097.0,2023-11-30,11/30/2023_24:00,15,,123.60058881256131
2023,12,8007.0,2023-12-31,12/31/2023_24:00,15,,123.42394504416094
2024,1,7643.0,2024-01-31,01/31/2024_24:00,15,,122.65977011494253
2024,2,7625.0,2024-02-29,02/29/2024_24:00,15,,122.6183908045977
2024,3,8003.0,2024-03-31,03/31/2024_24:00,15,,123.41609421000979
2024,4,7852.0,2024-04-30,04/30/2024_24:00,15,,123.11972522080471
2024,5,8561.0,2024-05-31,05/31/2024_24:00,15,,124.51128557409224
2024,6,8148.0,2024-06-30,06/30/2024_24:00,15,,123.70068694798823
2024,7,7805.0,2024-07-31,07/31/2024_24:00,15,,123.02747791952895
2024,8,7454.0,2024-08-31,08/31/2024_24:00,15,,122.22528735632184
2024,9,8451.0,2024-09-30,09/30/2024_24:00,15,,124.29538763493622
2024,10,8158.0,2024-10-31,10/31/2024_24:00,15,,123.72031403336604
2024,11,7805.0,2024-11-30,11/30/2024_24:00,15,,123.02747791952895
2024,12,8031.0,2024-12-31,12/31/2024_24:00,15,,123.4710500490677
2025,1,7508.0,2025-01-31,01/31/2025_24:00,15,,122.34942528735633
2025,2,7746.0,2025-02-28,02/28/2025_24:00,15,,122.89655172413794
2025,3,7638.0,2025-03-31,03/31/2025_24:00,15,,122.64827586206897
